Order_ID,Order_Date,Customer_ID,Product_ID,Store_ID,Employee_ID,Quantity,Unit_Price,Discount_%,GST_%,Final_Amount,Payment_Mode,Order_Status
ORD2400001,2024-08-14,C00318,P0009,S015,E0043,4,3564.29,0,18,16823.45,Credit Card,Delivered
ORD2400002,2024-12-26,C00169,P0029,S017,E0013,3,7381.9,20,18,20905.54,Cash,Delivered
ORD2400003,2025-02-06,C00305,P0015,S021,E0020,1,1787.12,20,18,1687.04,Debit Card,Delivered
ORD2400004,2024-08-16,C00364,P0009,S014,E0009,2,3564.29,5,18,7991.14,Cash,Delivered
ORD2400005,2024-09-12,C00365,P0039,S007,E0040,1,2811.5,0,18,3317.57,UPI,Delivered
ORD2400006,2025-03-11,C00340,P0035,S015,E0048,3,3529.57,10,18,11245.21,Credit Card,Delivered
ORD2400007,2024-10-26,C00287,P0052,S012,E0018,3,7507.14,15,18,22588.98,Debit Card,Delivered
ORD2400008,2024-10-08,C00409,P0046,S002,E0024,3,1738.3,5,18,5845.9,Debit Card,Delivered
ORD2400009,2024-09-03,C00298,P0054,S015,E0040,2,4941.23,5,18,11078.24,Debit Card,Delivered
ORD2400010,2025-02-13,C00306,P0006,S016,E0025,3,2138.35,5,18,7191.27,Credit Card,Returned
ORD2400011,2025-06-05,C00335,P0082,S007,E0004,1,4422.51,5,18,4957.63,Credit Card,Delivered
ORD2400012,2025-05-22,C00475,P0046,S019,E0023,4,1738.3,20,18,6563.82,Debit Card,Delivered
ORD2400013,2024-09-15,C00398,P0080,S020,E0021,2,4920.76,20,18,9290.39,Credit Card,Delivered
ORD2400014,2025-07-05,C00346,P0024,S024,E0027,5,1210.16,5,18,6782.95,Net Banking,Delivered
ORD2400015,2024-07-29,C00132,P0066,S020,E0006,5,1237.06,15,18,6203.86,Cash,Delivered
ORD2400016,2024-11-12,C00097,P0093,S022,E0038,5,2886.85,20,18,13625.93,Net Banking,Cancelled
ORD2400017,2025-02-02,C00326,P0034,S002,E0018,3,2475.87,20,18,7011.66,Net Banking,Delivered
ORD2400018,2024-11-21,C00145,P0039,S009,E0001,5,2811.5,5,18,15758.46,Cash,Delivered
ORD2400019,2024-12-23,C00226,P0014,S009,E0023,3,4003.89,10,18,12756.39,Debit Card,Delivered
ORD2400020,2025-04-27,C00355,P0015,S016,E0047,3,1787.12,15,18,5377.44,Cash,Cancelled
ORD2400021,2025-04-23,C00049,P0069,S018,E0048,5,277.13,15,18,1389.81,UPI,Delivered
ORD2400022,2024-12-30,C00444,P0085,S014,E0036,3,3327.38,5,18,11189.98,Credit Card,Delivered
ORD2400023,2025-02-15,C00261,P0007,S021,E0046,3,3824.14,5,18,12860.58,UPI,Delivered
ORD2400024,2025-01-29,C00307,P0001,S005,E0002,2,5335.48,5,18,11962.15,Net Banking,Cancelled
ORD2400025,2024-08-25,C00472,P0047,S014,E0007,5,1656.18,15,18,8305.74,Cash,Delivered
ORD2400026,2024-08-20,C00466,P0034,S013,E0036,2,2475.87,15,18,4966.6,Debit Card,Cancelled
ORD2400027,2024-12-13,C00410,P0040,S015,E0041,5,1341.94,5,18,7521.57,Debit Card,Returned
ORD2400028,2024-09-24,C00223,P0069,S008,E0050,3,277.13,15,18,833.88,Net Banking,Delivered
ORD2400029,2024-07-23,C00278,P0021,S021,E0037,4,6635.3,5,18,29752.69,Cash,Delivered
ORD2400030,2025-04-05,C00114,P0058,S007,E0022,4,154.61,10,18,656.78,Net Banking,Delivered
ORD2400031,2025-01-21,C00004,P0049,S004,E0011,4,4592.92,10,18,19510.72,Debit Card,Delivered
ORD2400032,2025-07-10,C00265,P0007,S001,E0004,5,3824.14,5,18,21434.3,Debit Card,Delivered
ORD2400033,2025-02-20,C00292,P0029,S007,E0007,5,7381.9,10,18,39197.89,Net Banking,Returned
ORD2400034,2024-07-20,C00132,P0031,S006,E0009,2,1548.65,0,18,3654.81,Net Banking,Delivered
ORD2400035,2024-07-14,C00119,P0075,S008,E0045,2,1918.92,20,18,3622.92,Debit Card,Returned
ORD2400036,2024-12-07,C00071,P0086,S018,E0026,3,6044.53,20,18,17118.11,UPI,Cancelled
ORD2400037,2024-08-30,C00300,P0016,S024,E0039,5,499.38,5,18,2799.02,Cash,Delivered
ORD2400038,2025-03-28,C00390,P0050,S020,E0012,4,4470.38,20,18,16880.15,Credit Card,Returned
ORD2400039,2025-05-27,C00090,P0061,S008,E0050,2,4483.03,10,18,9521.96,Debit Card,Delivered
ORD2400040,2025-05-09,C00399,P0047,S020,E0004,3,1656.18,5,18,5569.73,Debit Card,Cancelled
ORD2400041,2025-03-21,C00295,P0054,S017,E0029,3,4941.23,20,18,13993.56,Cash,Returned
ORD2400042,2025-03-20,C00296,P0035,S005,E0044,5,3529.57,20,18,16659.57,Debit Card,Delivered
ORD2400043,2024-07-13,C00160,P0004,S023,E0008,2,6832.12,10,18,14511.42,Debit Card,Returned
ORD2400044,2024-10-10,C00493,P0070,S008,E0045,1,5285.76,5,18,5925.34,Credit Card,Delivered
ORD2400045,2024-08-06,C00127,P0011,S004,E0017,4,7211.04,15,18,28930.69,Cash,Returned
ORD2400046,2024-09-21,C00174,P0025,S014,E0036,3,4496.67,15,18,13530.48,Debit Card,Delivered
ORD2400047,2025-02-23,C00382,P0065,S001,E0050,1,590.41,0,18,696.68,Credit Card,Delivered
ORD2400048,2024-10-05,C00270,P0028,S024,E0004,3,2757.16,20,18,7808.28,UPI,Delivered
ORD2400049,2024-12-13,C00301,P0063,S025,E0040,2,1162.55,0,18,2743.62,Net Banking,Delivered
ORD2400050,2025-06-22,C00442,P0067,S004,E0012,5,4244.63,5,18,23791.15,Debit Card,Returned
ORD2400051,2025-05-25,C00394,P0042,S024,E0019,2,599.24,20,18,1131.37,UPI,Delivered
ORD2400052,2025-04-10,C00168,P0064,S009,E0009,3,3627.94,0,18,12842.91,Net Banking,Returned
ORD2400053,2024-08-08,C00408,P0067,S009,E0021,1,4244.63,10,18,4507.8,UPI,Returned
ORD2400054,2024-08-18,C00347,P0026,S016,E0044,3,4853.36,15,18,14603.76,UPI,Delivered
ORD2400055,2025-02-01,C00469,P0019,S022,E0041,4,802.65,0,18,3788.51,Debit Card,Delivered
ORD2400056,2025-03-16,C00101,P0055,S017,E0025,2,3016.14,20,18,5694.47,UPI,Delivered
ORD2400057,2025-04-06,C00482,P0011,S019,E0022,5,7211.04,20,18,34036.11,Credit Card,Cancelled
ORD2400058,2025-07-06,C00224,P0056,S019,E0014,5,1142.81,15,18,5731.19,Credit Card,Delivered
ORD2400059,2025-04-10,C00231,P0005,S004,E0043,1,4418.39,15,18,4431.65,Net Banking,Delivered
ORD2400060,2024-09-18,C00138,P0020,S024,E0050,4,5416.76,15,18,21732.04,UPI,Delivered
ORD2400061,2024-08-31,C00147,P0023,S004,E0030,2,6164.36,5,18,13820.5,Credit Card,Delivered
ORD2400062,2025-07-04,C00042,P0059,S009,E0030,3,478.61,5,18,1609.57,Cash,Delivered
ORD2400063,2024-12-08,C00203,P0040,S025,E0041,1,1341.94,0,18,1583.49,UPI,Returned
ORD2400064,2025-05-30,C00457,P0082,S020,E0041,2,4422.51,0,18,10437.12,Cash,Cancelled
ORD2400065,2025-01-21,C00222,P0057,S008,E0041,1,599.08,0,18,706.91,Credit Card,Returned
ORD2400066,2024-07-14,C00130,P0057,S021,E0022,5,599.08,15,18,3004.39,UPI,Delivered
ORD2400067,2024-12-25,C00208,P0069,S024,E0047,2,277.13,0,18,654.03,Cash,Returned
ORD2400068,2025-06-10,C00108,P0063,S008,E0036,1,1162.55,5,18,1303.22,Cash,Delivered
ORD2400069,2024-11-16,C00070,P0076,S025,E0007,2,6935.08,10,18,14730.11,UPI,Delivered
ORD2400070,2025-01-30,C00394,P0023,S023,E0040,5,6164.36,20,18,29095.78,Credit Card,Delivered
ORD2400071,2024-12-18,C00142,P0056,S007,E0036,5,1142.81,10,18,6068.32,Cash,Delivered
ORD2400072,2025-03-14,C00029,P0055,S008,E0041,1,3016.14,20,18,2847.24,Credit Card,Delivered
ORD2400073,2025-04-28,C00176,P0011,S022,E0007,4,7211.04,20,18,27228.89,Cash,Cancelled
ORD2400074,2024-11-18,C00235,P0076,S011,E0017,3,6935.08,20,18,19640.15,UPI,Delivered
ORD2400075,2024-12-29,C00369,P0030,S008,E0046,1,1676.3,10,18,1780.23,UPI,Delivered
ORD2400076,2024-12-09,C00443,P0088,S010,E0018,1,7276.0,20,18,6868.54,UPI,Delivered
ORD2400077,2024-12-28,C00094,P0053,S025,E0020,2,4620.08,5,18,10358.22,Debit Card,Delivered
ORD2400078,2025-05-10,C00192,P0006,S004,E0024,2,2138.35,10,18,4541.86,UPI,Returned
ORD2400079,2025-06-17,C00419,P0021,S012,E0026,4,6635.3,10,18,28186.75,UPI,Delivered
ORD2400080,2024-07-30,C00040,P0049,S011,E0029,1,4592.92,20,18,4335.72,Net Banking,Cancelled
ORD2400081,2024-07-14,C00033,P0051,S023,E0040,4,6973.04,15,18,27975.84,Cash,Delivered
ORD2400082,2024-11-09,C00222,P0041,S006,E0042,4,5943.88,10,18,25249.6,Net Banking,Delivered
ORD2400083,2025-03-26,C00357,P0095,S017,E0026,5,2631.3,0,18,15524.67,Debit Card,Delivered
ORD2400084,2025-04-30,C00497,P0085,S011,E0036,3,3327.38,0,18,11778.93,Net Banking,Cancelled
ORD2400085,2025-03-27,C00325,P0012,S017,E0033,5,1759.22,10,18,9341.46,UPI,Delivered
ORD2400086,2024-10-04,C00220,P0030,S020,E0012,4,1676.3,15,18,6725.32,Debit Card,Delivered
ORD2400087,2024-11-04,C00379,P0008,S015,E0045,5,2375.27,20,18,11211.27,Net Banking,Delivered
ORD2400088,2024-08-10,C00184,P0081,S011,E0020,4,1125.19,5,18,5045.35,Credit Card,Delivered
ORD2400089,2024-08-11,C00011,P0096,S018,E0006,5,6638.09,15,18,33290.02,Credit Card,Delivered
ORD2400090,2024-12-16,C00431,P0098,S015,E0034,1,5777.0,15,18,5794.33,Net Banking,Delivered
ORD2400091,2024-12-15,C00176,P0089,S021,E0016,3,3915.24,15,18,11780.96,Debit Card,Delivered
ORD2400092,2025-01-15,C00181,P0091,S011,E0026,3,5667.46,20,18,16050.25,UPI,Returned
ORD2400093,2024-10-22,C00249,P0078,S011,E0008,1,6311.27,15,18,6330.2,UPI,Returned
ORD2400094,2024-07-13,C00169,P0045,S006,E0018,5,1728.63,10,18,9179.03,Net Banking,Delivered
ORD2400095,2025-05-26,C00453,P0069,S013,E0033,5,277.13,20,18,1308.05,Net Banking,Delivered
ORD2400096,2024-11-26,C00442,P0038,S022,E0009,2,1265.25,5,18,2836.69,Net Banking,Delivered
ORD2400097,2025-06-22,C00058,P0020,S013,E0017,5,5416.76,15,18,27165.05,Debit Card,Delivered
ORD2400098,2025-03-19,C00425,P0090,S008,E0008,1,4604.5,0,18,5433.31,Debit Card,Delivered
ORD2400099,2024-11-30,C00476,P0076,S021,E0014,1,6935.08,0,18,8183.39,UPI,Returned
ORD2400100,2024-09-21,C00222,P0024,S025,E0018,4,1210.16,5,18,5426.36,Debit Card,Cancelled
ORD2400101,2025-03-01,C00420,P0004,S013,E0031,4,6832.12,10,18,29022.85,Debit Card,Delivered
ORD2400102,2024-08-09,C00159,P0043,S020,E0034,5,2003.39,20,18,9456.0,Debit Card,Delivered
ORD2400103,2025-04-20,C00198,P0029,S013,E0048,4,7381.9,5,18,33100.44,UPI,Returned
ORD2400104,2025-06-04,C00107,P0034,S002,E0010,2,2475.87,10,18,5258.75,Net Banking,Delivered
ORD2400105,2025-01-03,C00140,P0059,S013,E0047,1,478.61,20,18,451.81,Net Banking,Delivered
ORD2400106,2024-10-18,C00298,P0030,S021,E0019,3,1676.3,10,18,5340.69,Debit Card,Delivered
ORD2400107,2024-07-17,C00358,P0062,S003,E0006,1,2690.43,10,18,2857.24,Debit Card,Returned
ORD2400108,2025-04-10,C00052,P0018,S013,E0043,2,1395.52,5,18,3128.76,Credit Card,Delivered
ORD2400109,2024-10-23,C00301,P0027,S025,E0021,3,4773.9,10,18,15209.65,Cash,Delivered
ORD2400110,2025-04-22,C00189,P0073,S021,E0009,5,5922.01,15,18,29698.88,Cash,Delivered
ORD2400111,2025-06-22,C00256,P0056,S010,E0049,4,1142.81,20,18,4315.25,UPI,Delivered
ORD2400112,2025-04-10,C00312,P0063,S002,E0008,3,1162.55,15,18,3498.11,Cash,Delivered
ORD2400113,2025-01-02,C00431,P0008,S020,E0032,3,2375.27,15,18,7147.19,UPI,Cancelled
ORD2400114,2024-07-21,C00043,P0061,S024,E0042,5,4483.03,20,18,21159.9,Cash,Delivered
ORD2400115,2025-06-21,C00005,P0070,S011,E0040,5,5285.76,0,18,31185.98,Net Banking,Delivered
ORD2400116,2025-05-08,C00070,P0037,S008,E0047,3,6357.7,10,18,20255.63,Net Banking,Delivered
ORD2400117,2025-03-17,C00114,P0015,S022,E0036,3,1787.12,20,18,5061.12,Cash,Delivered
ORD2400118,2024-07-16,C00447,P0080,S010,E0011,4,4920.76,10,18,20903.39,Debit Card,Delivered
ORD2400119,2024-10-01,C00045,P0063,S008,E0028,5,1162.55,5,18,6516.09,UPI,Returned
ORD2400120,2024-08-02,C00303,P0040,S002,E0023,3,1341.94,5,18,4512.94,Cash,Delivered
ORD2400121,2024-09-04,C00228,P0043,S021,E0049,2,2003.39,15,18,4018.8,UPI,Delivered
ORD2400122,2025-06-01,C00178,P0055,S004,E0018,5,3016.14,10,18,16015.7,Debit Card,Returned
ORD2400123,2024-10-21,C00111,P0058,S020,E0010,5,154.61,0,18,912.2,UPI,Delivered
ORD2400124,2025-02-21,C00245,P0098,S017,E0046,2,5777.0,15,18,11588.66,UPI,Delivered
ORD2400125,2024-10-17,C00443,P0008,S010,E0003,3,2375.27,5,18,7988.03,Credit Card,Delivered
ORD2400126,2025-03-06,C00114,P0061,S003,E0019,2,4483.03,15,18,8992.96,Credit Card,Delivered
ORD2400127,2024-12-02,C00361,P0050,S009,E0044,4,4470.38,0,18,21100.19,Net Banking,Delivered
ORD2400128,2024-10-22,C00354,P0085,S003,E0046,2,3327.38,10,18,7067.36,Credit Card,Delivered
ORD2400129,2025-04-11,C00223,P0077,S013,E0022,3,3792.37,15,18,11411.24,Debit Card,Delivered
ORD2400130,2025-03-17,C00223,P0012,S003,E0032,2,1759.22,20,18,3321.41,Net Banking,Returned
ORD2400131,2025-05-15,C00125,P0058,S018,E0048,4,154.61,15,18,620.3,UPI,Delivered
ORD2400132,2024-08-22,C00308,P0035,S021,E0026,1,3529.57,0,18,4164.89,Debit Card,Returned
ORD2400133,2024-08-12,C00244,P0022,S002,E0045,1,4580.62,10,18,4864.62,UPI,Returned
ORD2400134,2025-02-21,C00148,P0087,S003,E0030,2,1890.57,10,18,4015.57,Cash,Delivered
ORD2400135,2024-08-10,C00086,P0009,S015,E0032,1,3564.29,15,18,3574.98,Cash,Cancelled
ORD2400136,2025-06-14,C00234,P0023,S007,E0035,3,6164.36,5,18,20730.74,Credit Card,Returned
ORD2400137,2024-08-28,C00097,P0078,S002,E0005,1,6311.27,10,18,6702.57,UPI,Cancelled
ORD2400138,2025-04-30,C00337,P0062,S016,E0023,1,2690.43,15,18,2698.5,Cash,Delivered
ORD2400139,2024-08-04,C00469,P0017,S012,E0045,5,5714.04,5,18,32027.19,Net Banking,Cancelled
ORD2400140,2025-05-02,C00243,P0052,S008,E0010,3,7507.14,0,18,26575.28,Credit Card,Delivered
ORD2400141,2025-04-17,C00351,P0049,S024,E0022,5,4592.92,15,18,23033.49,Credit Card,Delivered
ORD2400142,2025-02-07,C00258,P0021,S013,E0018,2,6635.3,15,18,13310.41,Net Banking,Delivered
ORD2400143,2025-07-02,C00061,P0072,S014,E0012,5,2143.6,15,18,10750.15,UPI,Delivered
ORD2400144,2024-08-05,C00143,P0061,S023,E0002,2,4483.03,20,18,8463.96,Net Banking,Delivered
ORD2400145,2025-04-21,C00045,P0031,S007,E0038,4,1548.65,5,18,6944.15,Cash,Returned
ORD2400146,2024-12-14,C00388,P0004,S015,E0050,4,6832.12,15,18,27410.47,Debit Card,Delivered
ORD2400147,2024-09-09,C00257,P0091,S008,E0009,1,5667.46,20,18,5350.08,Cash,Delivered
ORD2400148,2024-07-14,C00213,P0077,S010,E0017,1,3792.37,0,18,4475.0,Debit Card,Cancelled
ORD2400149,2025-04-24,C00081,P0025,S013,E0023,5,4496.67,10,18,23877.32,Cash,Delivered
ORD2400150,2024-11-24,C00229,P0010,S021,E0006,1,2573.86,20,18,2429.72,Credit Card,Delivered
ORD2400151,2025-01-09,C00159,P0044,S002,E0006,3,562.21,5,18,1890.71,UPI,Returned
ORD2400152,2024-08-05,C00444,P0067,S013,E0022,3,4244.63,15,18,12772.09,Debit Card,Returned
ORD2400153,2024-07-16,C00181,P0095,S024,E0005,3,2631.3,20,18,7451.84,Credit Card,Delivered
ORD2400154,2024-09-13,C00500,P0010,S021,E0049,3,2573.86,0,18,9111.46,Debit Card,Delivered
ORD2400155,2025-02-03,C00342,P0046,S002,E0043,2,1738.3,20,18,3281.91,Credit Card,Delivered
ORD2400156,2024-11-18,C00302,P0052,S001,E0039,2,7507.14,0,18,17716.85,UPI,Delivered
ORD2400157,2025-01-23,C00199,P0089,S009,E0032,4,3915.24,5,18,17555.94,Cash,Delivered
ORD2400158,2024-07-28,C00313,P0057,S019,E0038,2,599.08,20,18,1131.06,Credit Card,Delivered
ORD2400159,2025-01-15,C00369,P0032,S018,E0042,2,7075.86,15,18,14194.18,UPI,Delivered
ORD2400160,2025-05-28,C00160,P0060,S011,E0041,2,6438.17,5,18,14434.38,UPI,Returned
ORD2400161,2025-03-20,C00312,P0037,S021,E0031,1,6357.7,10,18,6751.88,Cash,Delivered
ORD2400162,2025-06-05,C00181,P0091,S002,E0015,3,5667.46,15,18,17053.39,Credit Card,Delivered
ORD2400163,2025-01-18,C00041,P0017,S013,E0005,4,5714.04,5,18,25621.76,Debit Card,Delivered
ORD2400164,2024-10-30,C00474,P0089,S011,E0041,3,3915.24,10,18,12473.95,Cash,Delivered
ORD2400165,2025-05-30,C00100,P0030,S023,E0022,2,1676.3,20,18,3164.85,Net Banking,Returned
ORD2400166,2024-07-25,C00014,P0013,S009,E0032,1,1947.53,5,18,2183.18,Credit Card,Cancelled
ORD2400167,2025-02-27,C00183,P0049,S004,E0015,2,4592.92,10,18,9755.36,Debit Card,Delivered
ORD2400168,2025-05-08,C00354,P0095,S018,E0033,4,2631.3,0,18,12419.74,UPI,Delivered
ORD2400169,2025-07-04,C00193,P0021,S018,E0024,1,6635.3,15,18,6655.21,Debit Card,Delivered
ORD2400170,2024-11-21,C00216,P0072,S025,E0017,2,2143.6,15,18,4300.06,Credit Card,Returned
ORD2400171,2024-09-10,C00032,P0045,S016,E0022,3,1728.63,15,18,5201.45,UPI,Cancelled
ORD2400172,2024-12-27,C00103,P0087,S007,E0012,5,1890.57,20,18,8923.49,Credit Card,Returned
ORD2400173,2024-07-26,C00323,P0083,S022,E0009,5,6571.75,15,18,32957.33,Cash,Delivered
ORD2400174,2025-06-01,C00415,P0097,S011,E0006,2,4988.12,10,18,10594.77,Credit Card,Delivered
ORD2400175,2025-04-02,C00105,P0016,S024,E0025,5,499.38,15,18,2504.39,Debit Card,Delivered
ORD2400176,2024-11-02,C00480,P0085,S005,E0020,5,3327.38,5,18,18649.96,Credit Card,Delivered
ORD2400177,2024-07-20,C00167,P0018,S022,E0044,2,1395.52,5,18,3128.76,UPI,Returned
ORD2400178,2025-06-06,C00439,P0065,S018,E0034,3,590.41,5,18,1985.55,Debit Card,Delivered
ORD2400179,2025-06-27,C00421,P0089,S010,E0018,4,3915.24,10,18,16631.94,Net Banking,Cancelled
ORD2400180,2024-07-24,C00039,P0081,S006,E0012,5,1125.19,10,18,5974.76,Debit Card,Delivered
ORD2400181,2024-12-25,C00472,P0011,S015,E0024,1,7211.04,0,18,8509.03,Debit Card,Delivered
ORD2400182,2024-12-06,C00105,P0027,S013,E0011,2,4773.9,0,18,11266.4,Net Banking,Cancelled
ORD2400183,2024-09-30,C00067,P0084,S005,E0024,3,1548.58,10,18,4933.78,Debit Card,Delivered
ORD2400184,2024-10-07,C00397,P0075,S006,E0037,4,1918.92,10,18,8151.57,Cash,Delivered
ORD2400185,2025-05-26,C00308,P0030,S021,E0004,3,1676.3,0,18,5934.1,UPI,Delivered
ORD2400186,2024-10-12,C00139,P0029,S021,E0037,2,7381.9,15,18,14808.09,Credit Card,Delivered
ORD2400187,2024-08-29,C00177,P0044,S009,E0017,2,562.21,15,18,1127.79,Debit Card,Delivered
ORD2400188,2025-01-22,C00134,P0076,S007,E0010,4,6935.08,5,18,31096.9,Debit Card,Delivered
ORD2400189,2024-07-27,C00306,P0002,S013,E0009,4,4232.61,20,18,15982.34,Cash,Delivered
ORD2400190,2024-08-25,C00400,P0015,S013,E0016,5,1787.12,10,18,9489.61,Credit Card,Delivered
ORD2400191,2024-10-29,C00157,P0010,S016,E0003,1,2573.86,5,18,2885.3,Net Banking,Delivered
ORD2400192,2025-02-03,C00394,P0075,S005,E0008,4,1918.92,0,18,9057.3,UPI,Cancelled
ORD2400193,2025-06-05,C00254,P0032,S020,E0013,5,7075.86,5,18,39660.2,UPI,Delivered
ORD2400194,2024-09-30,C00335,P0074,S003,E0026,5,1107.9,5,18,6209.78,Debit Card,Delivered
ORD2400195,2024-08-20,C00141,P0044,S021,E0009,5,562.21,10,18,2985.34,Credit Card,Cancelled
ORD2400196,2024-09-25,C00097,P0090,S010,E0033,1,4604.5,5,18,5161.64,Cash,Delivered
ORD2400197,2025-03-23,C00457,P0053,S006,E0010,5,4620.08,5,18,25895.55,Cash,Delivered
ORD2400198,2025-06-13,C00185,P0033,S007,E0032,5,3158.52,0,18,18635.27,Debit Card,Returned
ORD2400199,2024-10-06,C00463,P0073,S008,E0007,2,5922.01,10,18,12578.35,Net Banking,Delivered
ORD2400200,2025-05-30,C00485,P0035,S011,E0029,4,3529.57,20,18,13327.66,Cash,Delivered
ORD2400201,2024-08-18,C00217,P0006,S013,E0041,1,2138.35,10,18,2270.93,Cash,Returned
ORD2400202,2024-12-07,C00150,P0092,S013,E0044,3,1347.74,10,18,4293.9,Cash,Returned
ORD2400203,2024-12-22,C00336,P0004,S005,E0049,5,6832.12,0,18,40309.51,UPI,Delivered
ORD2400204,2024-11-13,C00128,P0022,S004,E0012,5,4580.62,0,18,27025.66,Cash,Returned
ORD2400205,2024-10-05,C00339,P0029,S006,E0022,1,7381.9,10,18,7839.58,Debit Card,Delivered
ORD2400206,2025-04-10,C00006,P0013,S008,E0007,2,1947.53,15,18,3906.75,UPI,Delivered
ORD2400207,2025-07-06,C00142,P0050,S004,E0031,3,4470.38,10,18,14242.63,Cash,Cancelled
ORD2400208,2024-09-23,C00047,P0015,S017,E0011,3,1787.12,20,18,5061.12,Cash,Delivered
ORD2400209,2024-07-30,C00299,P0001,S009,E0016,3,5335.48,15,18,16054.46,Credit Card,Delivered
ORD2400210,2025-02-04,C00234,P0018,S012,E0006,4,1395.52,15,18,5598.83,Net Banking,Returned
ORD2400211,2025-01-21,C00316,P0077,S021,E0031,2,3792.37,10,18,8054.99,UPI,Delivered
ORD2400212,2024-09-09,C00348,P0025,S007,E0019,3,4496.67,5,18,15122.3,UPI,Delivered
ORD2400213,2025-06-09,C00251,P0100,S022,E0016,5,707.06,20,18,3337.32,Debit Card,Cancelled
ORD2400214,2025-02-25,C00026,P0023,S002,E0002,2,6164.36,15,18,12365.71,Debit Card,Cancelled
ORD2400215,2024-12-21,C00354,P0076,S021,E0047,4,6935.08,0,18,32733.58,Credit Card,Delivered
ORD2400216,2024-12-26,C00136,P0047,S001,E0042,4,1656.18,5,18,7426.31,UPI,Delivered
ORD2400217,2024-10-26,C00264,P0091,S013,E0049,2,5667.46,0,18,13375.21,Credit Card,Delivered
ORD2400218,2025-07-07,C00334,P0059,S006,E0039,5,478.61,20,18,2259.04,Net Banking,Delivered
ORD2400219,2024-10-08,C00191,P0009,S019,E0018,3,3564.29,20,18,10094.07,Cash,Cancelled
ORD2400220,2025-04-11,C00255,P0001,S016,E0011,3,5335.48,10,18,16998.84,Cash,Delivered
ORD2400221,2025-04-21,C00342,P0075,S020,E0035,5,1918.92,5,18,10755.55,Credit Card,Delivered
ORD2400222,2025-06-04,C00134,P0086,S008,E0025,2,6044.53,5,18,13551.84,UPI,Delivered
ORD2400223,2024-12-23,C00312,P0085,S016,E0001,4,3327.38,5,18,14919.97,UPI,Returned
ORD2400224,2024-08-09,C00149,P0069,S011,E0031,3,277.13,0,18,981.04,Credit Card,Delivered
ORD2400225,2025-02-12,C00227,P0005,S005,E0033,1,4418.39,10,18,4692.33,Debit Card,Delivered
ORD2400226,2025-05-18,C00231,P0038,S021,E0050,2,1265.25,15,18,2538.09,Debit Card,Returned
ORD2400227,2025-02-02,C00109,P0094,S025,E0043,1,2549.11,20,18,2406.36,Cash,Delivered
ORD2400228,2025-05-14,C00111,P0046,S009,E0036,3,1738.3,15,18,5230.54,Net Banking,Delivered
ORD2400229,2025-04-05,C00082,P0056,S020,E0010,3,1142.81,5,18,3843.27,Cash,Returned
ORD2400230,2025-05-01,C00283,P0007,S021,E0029,2,3824.14,20,18,7219.98,Cash,Returned
ORD2400231,2025-04-23,C00343,P0036,S023,E0050,3,313.24,10,18,997.98,Cash,Delivered
ORD2400232,2024-12-06,C00417,P0070,S024,E0036,3,5285.76,10,18,16840.43,Net Banking,Delivered
ORD2400233,2025-03-19,C00376,P0040,S011,E0032,3,1341.94,5,18,4512.94,Net Banking,Delivered
ORD2400234,2024-09-18,C00348,P0019,S005,E0020,4,802.65,15,18,3220.23,UPI,Returned
ORD2400235,2025-07-08,C00295,P0091,S008,E0028,4,5667.46,5,18,25412.89,Debit Card,Returned
ORD2400236,2025-02-23,C00409,P0078,S021,E0050,4,6311.27,15,18,25320.82,Net Banking,Returned
ORD2400237,2024-08-29,C00005,P0012,S003,E0019,3,1759.22,5,18,5916.26,UPI,Delivered
ORD2400238,2024-10-27,C00030,P0071,S011,E0012,2,4100.21,20,18,7741.2,Net Banking,Delivered
ORD2400239,2025-06-06,C00286,P0024,S007,E0028,1,1210.16,5,18,1356.59,Cash,Delivered
ORD2400240,2025-06-26,C00348,P0087,S002,E0044,5,1890.57,10,18,10038.93,Debit Card,Delivered
ORD2400241,2024-12-30,C00061,P0082,S003,E0004,4,4422.51,10,18,18786.82,Cash,Returned
ORD2400242,2025-02-07,C00031,P0030,S015,E0017,3,1676.3,15,18,5043.99,Debit Card,Delivered
ORD2400243,2025-03-08,C00338,P0044,S015,E0029,4,562.21,20,18,2122.9,Debit Card,Delivered
ORD2400244,2025-05-13,C00463,P0078,S004,E0038,5,6311.27,20,18,29789.19,Cash,Cancelled
ORD2400245,2025-03-31,C00181,P0095,S022,E0019,4,2631.3,10,18,11177.76,Debit Card,Cancelled
ORD2400246,2024-09-16,C00068,P0082,S008,E0029,1,4422.51,20,18,4174.85,Net Banking,Returned
ORD2400247,2025-03-08,C00260,P0002,S010,E0009,2,4232.61,15,18,8490.62,Debit Card,Returned
ORD2400248,2024-12-19,C00359,P0021,S001,E0015,5,6635.3,5,18,37190.86,UPI,Returned
ORD2400249,2025-06-18,C00277,P0011,S010,E0016,2,7211.04,5,18,16167.15,Debit Card,Delivered
ORD2400250,2024-09-26,C00338,P0037,S012,E0003,1,6357.7,15,18,6376.77,UPI,Cancelled
ORD2400251,2025-04-15,C00446,P0028,S019,E0040,1,2757.16,20,18,2602.76,Cash,Cancelled
ORD2400252,2025-02-07,C00047,P0013,S014,E0046,1,1947.53,5,18,2183.18,Net Banking,Delivered
ORD2400253,2025-01-10,C00015,P0075,S014,E0040,3,1918.92,0,18,6792.98,Net Banking,Delivered
ORD2400254,2024-09-08,C00372,P0042,S017,E0044,1,599.24,5,18,671.75,Cash,Delivered
ORD2400255,2024-11-04,C00337,P0042,S001,E0006,1,599.24,0,18,707.1,Net Banking,Delivered
ORD2400256,2025-04-12,C00222,P0065,S012,E0004,4,590.41,15,18,2368.72,Net Banking,Cancelled
ORD2400257,2024-07-22,C00121,P0056,S013,E0013,1,1142.81,15,18,1146.24,Net Banking,Delivered
ORD2400258,2024-08-05,C00016,P0042,S009,E0044,5,599.24,5,18,3358.74,Net Banking,Delivered
ORD2400259,2025-05-10,C00109,P0090,S016,E0016,3,4604.5,20,18,13039.94,Net Banking,Delivered
ORD2400260,2024-09-15,C00391,P0013,S004,E0025,2,1947.53,5,18,4366.36,Debit Card,Delivered
ORD2400261,2025-03-08,C00443,P0071,S005,E0020,4,4100.21,10,18,17417.69,Credit Card,Delivered
ORD2400262,2024-08-25,C00226,P0030,S017,E0042,1,1676.3,0,18,1978.03,Cash,Delivered
ORD2400263,2024-11-26,C00037,P0059,S022,E0025,3,478.61,0,18,1694.28,Debit Card,Delivered
ORD2400264,2025-01-19,C00029,P0007,S010,E0041,2,3824.14,10,18,8122.47,Cash,Delivered
ORD2400265,2025-06-21,C00467,P0010,S024,E0006,1,2573.86,5,18,2885.3,UPI,Returned
ORD2400266,2025-03-29,C00038,P0037,S022,E0019,3,6357.7,10,18,20255.63,UPI,Delivered
ORD2400267,2024-12-30,C00360,P0014,S021,E0011,1,4003.89,15,18,4015.9,UPI,Returned
ORD2400268,2025-06-04,C00245,P0079,S002,E0029,3,579.03,0,18,2049.77,Credit Card,Delivered
ORD2400269,2024-08-25,C00482,P0060,S022,E0024,1,6438.17,15,18,6457.48,Debit Card,Delivered
ORD2400270,2025-03-15,C00163,P0017,S011,E0025,2,5714.04,0,18,13485.13,Debit Card,Delivered
ORD2400271,2024-09-18,C00205,P0085,S017,E0037,3,3327.38,20,18,9423.14,Net Banking,Returned
ORD2400272,2025-07-08,C00493,P0037,S015,E0016,3,6357.7,15,18,19130.32,Net Banking,Delivered
ORD2400273,2024-07-29,C00041,P0010,S011,E0027,4,2573.86,10,18,10933.76,Credit Card,Delivered
ORD2400274,2025-03-15,C00464,P0043,S022,E0024,5,2003.39,5,18,11229.0,Net Banking,Delivered
ORD2400275,2024-10-16,C00325,P0035,S020,E0041,4,3529.57,5,18,15826.59,UPI,Delivered
ORD2400276,2024-08-30,C00136,P0003,S007,E0039,5,4896.11,15,18,24553.99,UPI,Delivered
ORD2400277,2025-04-23,C00377,P0062,S024,E0010,2,2690.43,0,18,6349.41,Credit Card,Delivered
ORD2400278,2024-11-30,C00245,P0013,S022,E0030,3,1947.53,0,18,6894.26,Net Banking,Delivered
ORD2400279,2025-03-10,C00499,P0058,S007,E0007,1,154.61,10,18,164.2,UPI,Delivered
ORD2400280,2024-08-30,C00375,P0012,S002,E0010,5,1759.22,10,18,9341.46,UPI,Returned
ORD2400281,2025-05-27,C00114,P0100,S002,E0033,4,707.06,0,18,3337.32,Debit Card,Cancelled
ORD2400282,2024-08-16,C00465,P0015,S025,E0006,5,1787.12,10,18,9489.61,Cash,Cancelled
ORD2400283,2024-12-01,C00184,P0006,S019,E0006,5,2138.35,5,18,11985.45,Cash,Delivered
ORD2400284,2024-08-25,C00381,P0007,S016,E0043,3,3824.14,20,18,10829.96,Net Banking,Cancelled
ORD2400285,2024-07-28,C00471,P0060,S009,E0040,3,6438.17,15,18,19372.45,Net Banking,Returned
ORD2400286,2024-12-16,C00104,P0019,S022,E0031,1,802.65,10,18,852.41,UPI,Delivered
ORD2400287,2024-07-27,C00137,P0031,S012,E0030,5,1548.65,0,18,9137.04,Credit Card,Delivered
ORD2400288,2024-08-02,C00116,P0052,S016,E0026,1,7507.14,10,18,7972.58,UPI,Delivered
ORD2400289,2024-07-15,C00353,P0032,S018,E0017,4,7075.86,10,18,30058.25,Cash,Delivered
ORD2400290,2024-11-11,C00129,P0080,S004,E0037,1,4920.76,15,18,4935.52,Credit Card,Cancelled
ORD2400291,2024-08-18,C00381,P0041,S024,E0045,2,5943.88,5,18,13326.18,Debit Card,Delivered
ORD2400292,2024-10-08,C00416,P0013,S005,E0005,2,1947.53,10,18,4136.55,Credit Card,Delivered
ORD2400293,2025-01-15,C00045,P0044,S010,E0011,3,562.21,5,18,1890.71,Credit Card,Delivered
ORD2400294,2024-11-09,C00096,P0052,S019,E0012,5,7507.14,10,18,39862.91,Net Banking,Delivered
ORD2400295,2024-08-11,C00466,P0047,S016,E0027,5,1656.18,10,18,8794.32,Cash,Delivered
ORD2400296,2024-11-03,C00164,P0094,S020,E0024,5,2549.11,10,18,13535.77,UPI,Delivered
ORD2400297,2025-02-13,C00050,P0019,S023,E0012,3,802.65,15,18,2415.17,Credit Card,Delivered
ORD2400298,2025-03-09,C00259,P0052,S006,E0026,2,7507.14,10,18,15945.17,Debit Card,Delivered
ORD2400299,2024-10-12,C00029,P0026,S016,E0009,1,4853.36,20,18,4581.57,Net Banking,Delivered
ORD2400300,2025-01-08,C00112,P0047,S015,E0011,3,1656.18,20,18,4690.3,UPI,Cancelled
ORD2400301,2025-05-03,C00148,P0065,S002,E0018,4,590.41,5,18,2647.4,Debit Card,Returned
ORD2400302,2025-01-19,C00471,P0068,S001,E0026,2,1690.06,5,18,3789.11,Cash,Delivered
ORD2400303,2025-06-12,C00314,P0087,S004,E0026,4,1890.57,0,18,8923.49,Net Banking,Delivered
ORD2400304,2024-08-21,C00103,P0099,S001,E0040,3,4973.86,0,18,17607.46,Credit Card,Delivered
ORD2400305,2024-12-13,C00488,P0020,S001,E0015,5,5416.76,15,18,27165.05,Cash,Delivered
ORD2400306,2024-10-19,C00209,P0016,S007,E0036,2,499.38,20,18,942.83,UPI,Delivered
ORD2400307,2025-02-15,C00332,P0017,S018,E0014,5,5714.04,15,18,28655.91,Cash,Returned
ORD2400308,2025-01-16,C00201,P0094,S007,E0046,5,2549.11,0,18,15039.75,Net Banking,Cancelled
ORD2400309,2025-05-06,C00197,P0050,S002,E0044,3,4470.38,5,18,15033.89,Debit Card,Delivered
ORD2400310,2024-10-17,C00043,P0064,S018,E0050,5,3627.94,0,18,21404.85,Net Banking,Returned
ORD2400311,2025-06-20,C00327,P0080,S016,E0029,2,4920.76,15,18,9871.04,Credit Card,Delivered
ORD2400312,2024-12-19,C00102,P0031,S006,E0036,5,1548.65,20,18,7309.63,Credit Card,Delivered
ORD2400313,2024-10-07,C00459,P0024,S006,E0018,5,1210.16,10,18,6425.95,Debit Card,Delivered
ORD2400314,2024-11-05,C00019,P0017,S016,E0047,3,5714.04,15,18,17193.55,UPI,Delivered
ORD2400315,2024-12-22,C00039,P0076,S021,E0023,4,6935.08,15,18,27823.54,UPI,Delivered
ORD2400316,2024-10-23,C00164,P0045,S018,E0020,5,1728.63,5,18,9688.97,Net Banking,Returned
ORD2400317,2024-11-27,C00160,P0002,S024,E0002,4,4232.61,15,18,16981.23,Cash,Delivered
ORD2400318,2024-10-31,C00195,P0001,S023,E0002,5,5335.48,20,18,25183.47,Cash,Delivered
ORD2400319,2024-12-17,C00470,P0012,S018,E0012,5,1759.22,20,18,8303.52,Cash,Returned
ORD2400320,2025-02-17,C00359,P0005,S002,E0001,5,4418.39,15,18,22158.23,Cash,Delivered
ORD2400321,2025-04-09,C00446,P0079,S017,E0013,5,579.03,5,18,3245.46,Debit Card,Returned
ORD2400322,2025-06-03,C00429,P0047,S010,E0004,4,1656.18,0,18,7817.17,Credit Card,Delivered
ORD2400323,2024-12-08,C00210,P0003,S002,E0050,2,4896.11,5,18,10977.08,Credit Card,Delivered
ORD2400324,2025-06-07,C00440,P0010,S013,E0033,4,2573.86,20,18,9718.9,Cash,Delivered
ORD2400325,2024-10-08,C00319,P0084,S014,E0021,3,1548.58,15,18,4659.68,Credit Card,Cancelled
ORD2400326,2024-11-29,C00366,P0066,S024,E0017,5,1237.06,10,18,6568.79,Debit Card,Cancelled
ORD2400327,2025-06-12,C00034,P0007,S005,E0024,2,3824.14,20,18,7219.98,Cash,Cancelled
ORD2400328,2024-11-18,C00392,P0093,S008,E0042,2,2886.85,15,18,5791.02,Debit Card,Delivered
ORD2400329,2025-01-06,C00443,P0079,S004,E0002,3,579.03,0,18,2049.77,Credit Card,Cancelled
ORD2400330,2025-07-07,C00002,P0031,S004,E0013,1,1548.65,0,18,1827.41,UPI,Delivered
ORD2400331,2025-06-18,C00333,P0084,S017,E0027,4,1548.58,5,18,6943.83,Cash,Delivered
ORD2400332,2025-02-21,C00158,P0023,S010,E0018,2,6164.36,15,18,12365.71,Cash,Delivered
ORD2400333,2024-10-31,C00032,P0046,S022,E0031,1,1738.3,10,18,1846.07,Net Banking,Delivered
ORD2400334,2025-04-17,C00184,P0077,S007,E0027,3,3792.37,5,18,12753.74,Debit Card,Delivered
ORD2400335,2025-06-04,C00498,P0038,S009,E0048,1,1265.25,10,18,1343.7,Debit Card,Delivered
ORD2400336,2024-11-11,C00365,P0085,S010,E0041,5,3327.38,5,18,18649.96,Credit Card,Delivered
ORD2400337,2025-07-06,C00375,P0085,S003,E0001,3,3327.38,10,18,10601.03,Cash,Delivered
ORD2400338,2024-10-24,C00129,P0070,S016,E0036,5,5285.76,20,18,24948.79,Net Banking,Returned
ORD2400339,2024-12-12,C00416,P0040,S023,E0028,2,1341.94,15,18,2691.93,Cash,Returned
ORD2400340,2024-07-27,C00282,P0076,S003,E0024,4,6935.08,5,18,31096.9,Debit Card,Delivered
ORD2400341,2025-05-15,C00142,P0039,S023,E0011,2,2811.5,15,18,5639.87,UPI,Cancelled
ORD2400342,2025-05-06,C00321,P0051,S007,E0009,4,6973.04,20,18,26330.2,Net Banking,Delivered
ORD2400343,2024-07-18,C00134,P0019,S018,E0011,2,802.65,20,18,1515.4,Cash,Delivered
ORD2400344,2025-04-05,C00262,P0063,S014,E0008,4,1162.55,0,18,5487.24,UPI,Returned
ORD2400345,2025-06-07,C00199,P0098,S004,E0036,2,5777.0,15,18,11588.66,Cash,Cancelled
ORD2400346,2024-11-16,C00284,P0060,S003,E0001,4,6438.17,10,18,27349.35,Credit Card,Delivered
ORD2400347,2024-10-15,C00435,P0088,S013,E0028,1,7276.0,5,18,8156.4,Cash,Cancelled
ORD2400348,2024-11-02,C00099,P0004,S022,E0027,3,6832.12,5,18,22976.42,Cash,Delivered
ORD2400349,2025-02-21,C00499,P0095,S015,E0048,2,2631.3,10,18,5588.88,Credit Card,Delivered
ORD2400350,2025-04-05,C00470,P0062,S001,E0028,5,2690.43,20,18,12698.83,Credit Card,Delivered
ORD2400351,2025-03-07,C00379,P0006,S020,E0013,3,2138.35,5,18,7191.27,Debit Card,Delivered
ORD2400352,2024-12-18,C00408,P0050,S008,E0034,3,4470.38,5,18,15033.89,Debit Card,Cancelled
ORD2400353,2025-05-23,C00346,P0079,S001,E0043,4,579.03,0,18,2733.02,Net Banking,Delivered
ORD2400354,2025-03-02,C00011,P0033,S019,E0013,5,3158.52,20,18,14908.21,Credit Card,Cancelled
ORD2400355,2024-11-04,C00139,P0050,S003,E0036,3,4470.38,5,18,15033.89,Credit Card,Delivered
ORD2400356,2025-02-10,C00319,P0002,S017,E0044,1,4232.61,0,18,4994.48,Net Banking,Delivered
ORD2400357,2025-02-26,C00073,P0048,S021,E0023,2,4284.72,5,18,9606.34,Cash,Returned
ORD2400358,2025-07-04,C00096,P0024,S016,E0012,5,1210.16,15,18,6068.95,Net Banking,Returned
ORD2400359,2025-02-08,C00316,P0063,S016,E0019,2,1162.55,10,18,2469.26,Cash,Delivered
ORD2400360,2025-03-10,C00280,P0025,S023,E0003,1,4496.67,10,18,4775.46,UPI,Returned
ORD2400361,2024-10-22,C00421,P0022,S020,E0027,2,4580.62,5,18,10269.75,Debit Card,Delivered
ORD2400362,2025-04-28,C00138,P0028,S001,E0016,5,2757.16,0,18,16267.24,Net Banking,Returned
ORD2400363,2025-02-01,C00263,P0015,S005,E0020,5,1787.12,15,18,8962.41,Net Banking,Delivered
ORD2400364,2024-11-26,C00366,P0054,S017,E0038,5,4941.23,10,18,26237.93,Credit Card,Delivered
ORD2400365,2024-11-03,C00075,P0014,S013,E0041,4,4003.89,20,18,15118.69,Net Banking,Delivered
ORD2400366,2024-12-22,C00295,P0054,S017,E0050,4,4941.23,5,18,22156.48,Credit Card,Delivered
ORD2400367,2024-12-17,C00157,P0030,S012,E0035,3,1676.3,15,18,5043.99,Credit Card,Cancelled
ORD2400368,2024-11-26,C00208,P0009,S022,E0043,3,3564.29,5,18,11986.71,UPI,Delivered
ORD2400369,2024-10-20,C00492,P0060,S021,E0022,5,6438.17,5,18,36085.94,Credit Card,Delivered
ORD2400370,2025-06-27,C00398,P0045,S022,E0004,2,1728.63,15,18,3467.63,Credit Card,Delivered
ORD2400371,2024-10-28,C00260,P0060,S019,E0014,3,6438.17,15,18,19372.45,Credit Card,Delivered
ORD2400372,2025-05-11,C00050,P0083,S006,E0008,5,6571.75,5,18,36834.66,Debit Card,Delivered
ORD2400373,2024-07-13,C00021,P0071,S018,E0003,3,4100.21,10,18,13063.27,Cash,Delivered
ORD2400374,2024-08-24,C00208,P0006,S005,E0044,2,2138.35,10,18,4541.86,Credit Card,Delivered
ORD2400375,2024-07-22,C00463,P0039,S024,E0020,1,2811.5,15,18,2819.93,Net Banking,Delivered
ORD2400376,2025-05-15,C00015,P0054,S018,E0025,5,4941.23,0,18,29153.26,Debit Card,Delivered
ORD2400377,2025-01-17,C00341,P0031,S007,E0049,3,1548.65,0,18,5482.22,UPI,Delivered
ORD2400378,2024-10-27,C00428,P0061,S002,E0019,4,4483.03,20,18,16927.92,Cash,Delivered
ORD2400379,2025-06-13,C00426,P0052,S012,E0023,3,7507.14,5,18,25246.51,Cash,Delivered
ORD2400380,2024-12-21,C00153,P0016,S016,E0050,1,499.38,0,18,589.27,Credit Card,Returned
ORD2400381,2024-12-17,C00045,P0022,S010,E0005,4,4580.62,10,18,19458.47,Net Banking,Returned
ORD2400382,2025-02-26,C00255,P0033,S002,E0016,5,3158.52,0,18,18635.27,Credit Card,Delivered
ORD2400383,2024-10-16,C00389,P0007,S005,E0016,4,3824.14,15,18,15342.45,Debit Card,Delivered
ORD2400384,2024-12-29,C00311,P0090,S004,E0008,5,4604.5,20,18,21733.24,Cash,Cancelled
ORD2400385,2025-04-27,C00214,P0062,S008,E0041,2,2690.43,15,18,5397.0,UPI,Delivered
ORD2400386,2025-05-23,C00401,P0091,S025,E0050,1,5667.46,0,18,6687.6,Credit Card,Delivered
ORD2400387,2024-09-10,C00251,P0045,S014,E0022,2,1728.63,15,18,3467.63,Debit Card,Cancelled
ORD2400388,2025-01-19,C00201,P0046,S011,E0044,2,1738.3,10,18,3692.15,Cash,Cancelled
ORD2400389,2025-01-02,C00415,P0057,S015,E0029,3,599.08,15,18,1802.63,Cash,Cancelled
ORD2400390,2025-02-25,C00198,P0010,S004,E0016,5,2573.86,5,18,14426.49,UPI,Delivered
ORD2400391,2024-08-19,C00185,P0044,S009,E0038,2,562.21,10,18,1194.13,Net Banking,Delivered
ORD2400392,2025-03-09,C00340,P0033,S009,E0034,2,3158.52,5,18,7081.4,Credit Card,Delivered
ORD2400393,2025-06-25,C00188,P0098,S008,E0042,2,5777.0,10,18,12270.35,Cash,Delivered
ORD2400394,2024-12-20,C00474,P0088,S014,E0010,5,7276.0,15,18,36489.14,UPI,Cancelled
ORD2400395,2025-01-02,C00155,P0056,S003,E0019,5,1142.81,0,18,6742.58,Credit Card,Delivered
ORD2400396,2025-02-28,C00263,P0035,S010,E0022,2,3529.57,5,18,7913.3,Debit Card,Delivered
ORD2400397,2024-10-04,C00373,P0039,S012,E0006,3,2811.5,0,18,9952.71,Debit Card,Delivered
ORD2400398,2025-07-08,C00263,P0024,S006,E0010,1,1210.16,0,18,1427.99,Net Banking,Returned
ORD2400399,2024-09-02,C00023,P0005,S016,E0042,5,4418.39,15,18,22158.23,Debit Card,Delivered
ORD2400400,2025-04-26,C00441,P0091,S019,E0041,4,5667.46,10,18,24075.37,Net Banking,Delivered
ORD2400401,2025-02-26,C00407,P0092,S020,E0048,3,1347.74,10,18,4293.9,Net Banking,Delivered
ORD2400402,2025-04-26,C00081,P0053,S013,E0035,5,4620.08,0,18,27258.47,UPI,Delivered
ORD2400403,2025-02-22,C00462,P0017,S001,E0012,2,5714.04,0,18,13485.13,Debit Card,Cancelled
ORD2400404,2025-04-09,C00005,P0090,S004,E0021,5,4604.5,20,18,21733.24,Debit Card,Cancelled
ORD2400405,2024-08-24,C00461,P0002,S019,E0001,4,4232.61,10,18,17980.13,Debit Card,Returned
ORD2400406,2024-10-20,C00229,P0061,S016,E0002,5,4483.03,5,18,25127.38,Cash,Delivered
ORD2400407,2024-10-23,C00252,P0008,S025,E0030,4,2375.27,5,18,10650.71,Credit Card,Delivered
ORD2400408,2024-12-16,C00034,P0020,S023,E0020,5,5416.76,0,18,31958.88,UPI,Cancelled
ORD2400409,2025-03-01,C00493,P0073,S006,E0041,5,5922.01,20,18,27951.89,UPI,Delivered
ORD2400410,2024-11-06,C00483,P0021,S021,E0007,5,6635.3,10,18,35233.44,UPI,Returned
ORD2400411,2024-10-20,C00353,P0016,S006,E0014,4,499.38,15,18,2003.51,Credit Card,Delivered
ORD2400412,2024-07-21,C00484,P0045,S004,E0029,4,1728.63,20,18,6527.31,Debit Card,Delivered
ORD2400413,2025-04-29,C00460,P0074,S022,E0028,3,1107.9,20,18,3137.57,Net Banking,Delivered
ORD2400414,2025-02-14,C00289,P0048,S016,E0020,3,4284.72,5,18,14409.51,Net Banking,Cancelled
ORD2400415,2024-11-13,C00179,P0013,S017,E0004,5,1947.53,10,18,10341.38,Cash,Returned
ORD2400416,2024-12-26,C00398,P0002,S024,E0017,4,4232.61,0,18,19977.92,Debit Card,Delivered
ORD2400417,2024-09-13,C00091,P0100,S010,E0008,5,707.06,15,18,3545.91,Net Banking,Returned
ORD2400418,2024-12-11,C00373,P0061,S007,E0038,3,4483.03,5,18,15076.43,Cash,Cancelled
ORD2400419,2025-01-17,C00063,P0053,S007,E0029,3,4620.08,0,18,16355.08,Debit Card,Delivered
ORD2400420,2025-03-10,C00322,P0077,S005,E0030,4,3792.37,5,18,17004.99,Net Banking,Delivered
ORD2400421,2025-01-16,C00095,P0060,S002,E0009,2,6438.17,0,18,15194.08,UPI,Returned
ORD2400422,2024-07-16,C00130,P0053,S016,E0004,4,4620.08,15,18,18535.76,Net Banking,Returned
ORD2400423,2025-04-02,C00114,P0040,S019,E0019,4,1341.94,0,18,6333.96,Net Banking,Delivered
ORD2400424,2024-10-22,C00203,P0020,S002,E0025,5,5416.76,5,18,30360.94,Net Banking,Delivered
ORD2400425,2024-08-25,C00286,P0021,S001,E0006,3,6635.3,15,18,19965.62,Debit Card,Delivered
ORD2400426,2025-06-09,C00109,P0068,S020,E0002,3,1690.06,20,18,4786.25,Debit Card,Returned
ORD2400427,2025-01-23,C00025,P0048,S023,E0021,5,4284.72,5,18,24015.86,Cash,Delivered
ORD2400428,2024-08-20,C00305,P0082,S008,E0002,5,4422.51,10,18,23483.53,Net Banking,Delivered
ORD2400429,2024-07-13,C00427,P0099,S003,E0012,5,4973.86,0,18,29345.77,Net Banking,Delivered
ORD2400430,2025-04-22,C00113,P0053,S016,E0019,4,4620.08,0,18,21806.78,Net Banking,Returned
ORD2400431,2024-11-15,C00456,P0084,S021,E0036,5,1548.58,10,18,8222.96,Cash,Returned
ORD2400432,2024-11-21,C00208,P0076,S009,E0021,5,6935.08,10,18,36825.27,Debit Card,Delivered
ORD2400433,2025-04-21,C00436,P0045,S014,E0023,3,1728.63,5,18,5813.38,Cash,Returned
ORD2400434,2025-01-07,C00418,P0054,S016,E0019,4,4941.23,0,18,23322.61,UPI,Delivered
ORD2400435,2024-08-26,C00054,P0009,S007,E0019,3,3564.29,20,18,10094.07,Net Banking,Delivered
ORD2400436,2025-02-26,C00090,P0090,S009,E0047,5,4604.5,10,18,24449.9,UPI,Delivered
ORD2400437,2024-09-20,C00487,P0085,S002,E0006,1,3327.38,10,18,3533.68,Debit Card,Returned
ORD2400438,2025-01-31,C00181,P0097,S021,E0013,5,4988.12,5,18,27958.41,Credit Card,Delivered
ORD2400439,2025-06-08,C00160,P0056,S024,E0039,3,1142.81,5,18,3843.27,Debit Card,Cancelled
ORD2400440,2024-09-18,C00350,P0058,S004,E0023,5,154.61,15,18,775.37,UPI,Delivered
ORD2400441,2024-09-10,C00159,P0041,S019,E0004,3,5943.88,5,18,19989.27,Credit Card,Returned
ORD2400442,2024-09-30,C00379,P0024,S012,E0002,1,1210.16,0,18,1427.99,Credit Card,Delivered
ORD2400443,2024-12-09,C00320,P0028,S016,E0048,1,2757.16,20,18,2602.76,Credit Card,Delivered
ORD2400444,2024-12-02,C00451,P0071,S017,E0032,4,4100.21,20,18,15482.39,Debit Card,Delivered
ORD2400445,2024-11-19,C00037,P0005,S023,E0029,3,4418.39,0,18,15641.1,Net Banking,Delivered
ORD2400446,2025-04-05,C00440,P0032,S002,E0016,5,7075.86,0,18,41747.57,Credit Card,Delivered
ORD2400447,2024-12-10,C00025,P0047,S006,E0014,3,1656.18,20,18,4690.3,Credit Card,Delivered
ORD2400448,2025-02-13,C00449,P0013,S006,E0014,3,1947.53,5,18,6549.54,Credit Card,Delivered
ORD2400449,2024-12-28,C00335,P0009,S022,E0018,2,3564.29,20,18,6729.38,Cash,Delivered
ORD2400450,2024-09-16,C00399,P0048,S017,E0003,3,4284.72,15,18,12892.72,Credit Card,Delivered
ORD2400451,2024-12-27,C00037,P0032,S006,E0033,5,7075.86,10,18,37572.82,Cash,Delivered
ORD2400452,2024-11-30,C00464,P0052,S011,E0049,3,7507.14,0,18,26575.28,Credit Card,Cancelled
ORD2400453,2025-06-29,C00450,P0092,S001,E0030,4,1347.74,10,18,5725.2,Debit Card,Delivered
ORD2400454,2025-01-30,C00318,P0083,S005,E0019,2,6571.75,0,18,15509.33,Credit Card,Delivered
ORD2400455,2024-08-04,C00249,P0075,S019,E0037,2,1918.92,20,18,3622.92,Net Banking,Delivered
ORD2400456,2024-10-06,C00140,P0018,S025,E0039,2,1395.52,5,18,3128.76,Debit Card,Delivered
ORD2400457,2025-01-24,C00209,P0037,S005,E0039,3,6357.7,10,18,20255.63,Cash,Delivered
ORD2400458,2025-01-04,C00494,P0042,S009,E0032,5,599.24,15,18,3005.19,UPI,Cancelled
ORD2400459,2025-01-05,C00005,P0099,S005,E0033,4,4973.86,15,18,19955.13,UPI,Delivered
ORD2400460,2024-10-31,C00329,P0073,S021,E0018,3,5922.01,15,18,17819.33,Debit Card,Delivered
ORD2400461,2024-07-17,C00400,P0086,S020,E0019,5,6044.53,15,18,30313.32,UPI,Delivered
ORD2400462,2024-11-27,C00329,P0009,S013,E0014,5,3564.29,0,18,21029.31,Debit Card,Delivered
ORD2400463,2024-10-03,C00435,P0013,S007,E0028,5,1947.53,5,18,10915.91,Credit Card,Delivered
ORD2400464,2025-06-02,C00024,P0081,S023,E0012,3,1125.19,0,18,3983.17,Debit Card,Delivered
ORD2400465,2024-10-05,C00157,P0071,S019,E0004,2,4100.21,5,18,9192.67,UPI,Delivered
ORD2400466,2025-01-05,C00048,P0048,S003,E0011,3,4284.72,5,18,14409.51,UPI,Delivered
ORD2400467,2024-12-15,C00025,P0068,S010,E0034,3,1690.06,20,18,4786.25,Debit Card,Returned
ORD2400468,2025-06-05,C00389,P0078,S006,E0039,2,6311.27,0,18,14894.6,Net Banking,Delivered
ORD2400469,2025-01-19,C00327,P0043,S006,E0031,1,2003.39,10,18,2127.6,Net Banking,Delivered
ORD2400470,2025-02-15,C00368,P0026,S009,E0015,4,4853.36,0,18,22907.86,UPI,Delivered
ORD2400471,2024-09-18,C00361,P0037,S002,E0033,2,6357.7,15,18,12753.55,Net Banking,Cancelled
ORD2400472,2025-02-28,C00270,P0026,S011,E0022,5,4853.36,20,18,22907.86,Net Banking,Returned
ORD2400473,2025-02-16,C00432,P0086,S022,E0041,1,6044.53,20,18,5706.04,Net Banking,Returned
ORD2400474,2024-08-26,C00379,P0026,S005,E0031,5,4853.36,10,18,25771.34,Credit Card,Delivered
ORD2400475,2025-04-12,C00111,P0044,S014,E0048,1,562.21,5,18,630.24,UPI,Delivered
ORD2400476,2025-04-11,C00382,P0048,S003,E0020,3,4284.72,0,18,15167.91,UPI,Delivered
ORD2400477,2024-08-03,C00184,P0026,S022,E0032,1,4853.36,20,18,4581.57,Cash,Delivered
ORD2400478,2025-05-17,C00087,P0013,S014,E0001,1,1947.53,0,18,2298.09,Cash,Cancelled
ORD2400479,2024-09-08,C00203,P0001,S008,E0029,4,5335.48,10,18,22665.12,UPI,Delivered
ORD2400480,2025-06-22,C00310,P0067,S001,E0048,4,4244.63,15,18,17029.46,Net Banking,Delivered
ORD2400481,2025-04-17,C00477,P0087,S022,E0043,4,1890.57,15,18,7584.97,UPI,Delivered
ORD2400482,2025-04-03,C00072,P0058,S017,E0019,5,154.61,10,18,820.98,Credit Card,Returned
ORD2400483,2025-02-10,C00005,P0003,S019,E0038,5,4896.11,0,18,28887.05,Credit Card,Cancelled
ORD2400484,2025-05-28,C00100,P0013,S005,E0020,4,1947.53,0,18,9192.34,Debit Card,Delivered
ORD2400485,2024-12-12,C00375,P0050,S003,E0026,5,4470.38,20,18,21100.19,Net Banking,Delivered
ORD2400486,2025-05-11,C00459,P0039,S012,E0002,2,2811.5,0,18,6635.14,Debit Card,Returned
ORD2400487,2025-03-21,C00153,P0037,S008,E0049,3,6357.7,15,18,19130.32,Net Banking,Delivered
ORD2400488,2025-05-31,C00044,P0087,S014,E0010,3,1890.57,15,18,5688.73,Debit Card,Delivered
ORD2400489,2024-09-15,C00318,P0001,S019,E0036,2,5335.48,0,18,12591.73,Cash,Delivered
ORD2400490,2025-03-28,C00046,P0054,S008,E0038,4,4941.23,15,18,19824.21,Cash,Cancelled
ORD2400491,2025-04-16,C00058,P0094,S018,E0004,1,2549.11,5,18,2857.55,Credit Card,Cancelled
ORD2400492,2024-09-23,C00376,P0023,S025,E0045,3,6164.36,0,18,21821.83,Net Banking,Delivered
ORD2400493,2025-06-04,C00438,P0017,S014,E0043,4,5714.04,5,18,25621.76,Credit Card,Cancelled
ORD2400494,2024-09-18,C00404,P0041,S006,E0048,2,5943.88,20,18,11222.05,Credit Card,Cancelled
ORD2400495,2025-04-30,C00496,P0003,S006,E0009,3,4896.11,15,18,14732.39,Cash,Delivered
ORD2400496,2025-06-06,C00226,P0075,S014,E0008,1,1918.92,20,18,1811.46,Cash,Cancelled
ORD2400497,2024-08-01,C00265,P0097,S017,E0031,3,4988.12,10,18,15892.15,Credit Card,Delivered
ORD2400498,2025-06-20,C00302,P0020,S007,E0044,4,5416.76,5,18,24288.75,Net Banking,Delivered
ORD2400499,2025-01-01,C00175,P0013,S008,E0040,5,1947.53,0,18,11490.43,Credit Card,Cancelled
ORD2400500,2024-07-31,C00475,P0029,S023,E0017,5,7381.9,20,18,34842.57,Debit Card,Delivered
ORD2400501,2024-08-29,C00314,P0026,S024,E0022,5,4853.36,20,18,22907.86,Net Banking,Delivered
ORD2400502,2025-04-13,C00185,P0022,S017,E0017,2,4580.62,15,18,9188.72,Cash,Delivered
ORD2400503,2024-10-02,C00319,P0045,S009,E0011,3,1728.63,20,18,4895.48,Cash,Delivered
ORD2400504,2024-07-19,C00344,P0097,S022,E0036,1,4988.12,5,18,5591.68,Net Banking,Delivered
ORD2400505,2024-08-26,C00212,P0025,S014,E0043,4,4496.67,5,18,20163.07,UPI,Returned
ORD2400506,2025-05-31,C00202,P0004,S005,E0038,2,6832.12,10,18,14511.42,UPI,Delivered
ORD2400507,2024-10-16,C00183,P0028,S021,E0011,1,2757.16,0,18,3253.45,Credit Card,Cancelled
ORD2400508,2025-01-20,C00112,P0013,S011,E0021,2,1947.53,5,18,4366.36,Credit Card,Delivered
ORD2400509,2024-11-28,C00465,P0058,S009,E0015,3,154.61,10,18,492.59,Debit Card,Returned
ORD2400510,2024-09-30,C00306,P0007,S025,E0004,4,3824.14,5,18,17147.44,UPI,Delivered
ORD2400511,2025-06-02,C00019,P0079,S019,E0001,1,579.03,15,18,580.77,Debit Card,Returned
ORD2400512,2025-04-22,C00246,P0031,S020,E0018,4,1548.65,20,18,5847.7,Credit Card,Delivered
ORD2400513,2025-02-22,C00121,P0052,S024,E0043,3,7507.14,10,18,23917.75,Cash,Delivered
ORD2400514,2025-06-05,C00074,P0057,S003,E0010,3,599.08,5,18,2014.71,Credit Card,Returned
ORD2400515,2024-09-18,C00334,P0068,S007,E0049,2,1690.06,5,18,3789.11,Net Banking,Cancelled
ORD2400516,2025-06-18,C00250,P0064,S007,E0043,5,3627.94,20,18,17123.88,Net Banking,Delivered
ORD2400517,2025-05-17,C00498,P0031,S017,E0029,1,1548.65,20,18,1461.93,Credit Card,Delivered
ORD2400518,2024-11-19,C00005,P0059,S010,E0047,5,478.61,0,18,2823.8,Cash,Delivered
ORD2400519,2025-03-14,C00296,P0072,S004,E0024,5,2143.6,15,18,10750.15,Net Banking,Delivered
ORD2400520,2024-08-09,C00065,P0026,S019,E0026,1,4853.36,15,18,4867.92,Cash,Cancelled
ORD2400521,2024-12-25,C00389,P0097,S022,E0010,1,4988.12,15,18,5003.08,Net Banking,Cancelled
ORD2400522,2025-05-30,C00169,P0051,S024,E0028,5,6973.04,20,18,32912.75,UPI,Delivered
ORD2400523,2024-11-04,C00286,P0053,S022,E0039,2,4620.08,20,18,8722.71,UPI,Delivered
ORD2400524,2024-12-25,C00011,P0078,S022,E0028,5,6311.27,10,18,33512.84,UPI,Delivered
ORD2400525,2024-10-22,C00386,P0061,S011,E0041,1,4483.03,10,18,4760.98,Cash,Delivered
ORD2400526,2025-01-11,C00141,P0019,S007,E0021,1,802.65,20,18,757.7,UPI,Delivered
ORD2400527,2024-10-05,C00121,P0091,S016,E0008,2,5667.46,15,18,11368.92,Credit Card,Delivered
ORD2400528,2025-01-10,C00204,P0006,S012,E0031,2,2138.35,15,18,4289.53,Debit Card,Delivered
ORD2400529,2025-05-17,C00156,P0041,S016,E0016,1,5943.88,20,18,5611.02,Debit Card,Delivered
ORD2400530,2024-12-09,C00252,P0100,S010,E0035,3,707.06,0,18,2502.99,UPI,Delivered
ORD2400531,2025-06-04,C00119,P0097,S024,E0004,4,4988.12,15,18,20012.34,Credit Card,Cancelled
ORD2400532,2025-05-18,C00161,P0040,S022,E0016,1,1341.94,5,18,1504.31,Debit Card,Delivered
ORD2400533,2025-04-05,C00304,P0074,S002,E0010,4,1107.9,15,18,4444.89,Debit Card,Delivered
ORD2400534,2024-07-19,C00133,P0074,S012,E0004,2,1107.9,15,18,2222.45,Debit Card,Delivered
ORD2400535,2024-07-13,C00235,P0040,S004,E0038,5,1341.94,10,18,7125.7,Credit Card,Delivered
ORD2400536,2025-01-01,C00405,P0078,S011,E0046,5,6311.27,0,18,37236.49,Credit Card,Delivered
ORD2400537,2025-06-18,C00083,P0073,S010,E0035,4,5922.01,15,18,23759.1,Credit Card,Delivered
ORD2400538,2024-08-01,C00072,P0058,S001,E0026,1,154.61,15,18,155.07,Credit Card,Delivered
ORD2400539,2024-08-23,C00140,P0100,S018,E0044,1,707.06,5,18,792.61,Cash,Delivered
ORD2400540,2024-10-23,C00482,P0040,S016,E0035,1,1341.94,10,18,1425.14,Debit Card,Returned
ORD2400541,2024-08-27,C00382,P0082,S005,E0035,3,4422.51,0,18,15655.69,Credit Card,Delivered
ORD2400542,2025-04-08,C00393,P0043,S024,E0027,1,2003.39,10,18,2127.6,Credit Card,Delivered
ORD2400543,2025-01-07,C00375,P0076,S012,E0043,2,6935.08,5,18,15548.45,Debit Card,Delivered
ORD2400544,2025-01-10,C00196,P0069,S003,E0041,4,277.13,20,18,1046.44,UPI,Delivered
ORD2400545,2024-08-23,C00243,P0053,S018,E0018,3,4620.08,0,18,16355.08,Credit Card,Cancelled
ORD2400546,2025-04-21,C00008,P0013,S001,E0025,3,1947.53,0,18,6894.26,UPI,Returned
ORD2400547,2024-08-17,C00320,P0026,S021,E0034,1,4853.36,15,18,4867.92,Debit Card,Returned
ORD2400548,2024-09-08,C00376,P0064,S020,E0034,2,3627.94,0,18,8561.94,Net Banking,Delivered
ORD2400549,2024-09-01,C00136,P0062,S017,E0021,2,2690.43,0,18,6349.41,Net Banking,Delivered
ORD2400550,2025-04-28,C00499,P0029,S010,E0032,1,7381.9,0,18,8710.64,Debit Card,Delivered
ORD2400551,2024-10-27,C00189,P0002,S006,E0009,3,4232.61,20,18,11986.75,Debit Card,Returned
ORD2400552,2025-03-26,C00477,P0009,S002,E0011,2,3564.29,15,18,7149.97,UPI,Cancelled
ORD2400553,2025-04-05,C00301,P0064,S022,E0024,2,3627.94,5,18,8133.84,Debit Card,Cancelled
ORD2400554,2024-09-08,C00058,P0075,S021,E0019,2,1918.92,0,18,4528.65,Credit Card,Delivered
ORD2400555,2025-02-25,C00020,P0063,S011,E0012,3,1162.55,0,18,4115.43,Net Banking,Delivered
ORD2400556,2025-03-29,C00405,P0087,S014,E0033,4,1890.57,20,18,7138.79,Debit Card,Delivered
ORD2400557,2025-06-05,C00437,P0031,S005,E0027,2,1548.65,5,18,3472.07,Net Banking,Delivered
ORD2400558,2024-09-04,C00227,P0019,S024,E0020,3,802.65,0,18,2841.38,Cash,Delivered
ORD2400559,2025-01-25,C00461,P0067,S005,E0023,3,4244.63,15,18,12772.09,Credit Card,Delivered
ORD2400560,2024-07-20,C00011,P0018,S008,E0024,2,1395.52,5,18,3128.76,Net Banking,Delivered
ORD2400561,2025-04-13,C00256,P0010,S021,E0003,4,2573.86,5,18,11541.19,Cash,Delivered
ORD2400562,2024-11-18,C00481,P0090,S012,E0011,2,4604.5,15,18,9236.63,UPI,Delivered
ORD2400563,2025-01-27,C00128,P0046,S023,E0001,5,1738.3,20,18,8204.78,Debit Card,Delivered
ORD2400564,2025-07-07,C00035,P0050,S012,E0047,4,4470.38,15,18,17935.16,Credit Card,Returned
ORD2400565,2025-02-24,C00372,P0052,S003,E0046,4,7507.14,20,18,28346.96,Net Banking,Cancelled
ORD2400566,2024-07-26,C00336,P0003,S022,E0026,2,4896.11,5,18,10977.08,Debit Card,Cancelled
ORD2400567,2025-07-06,C00162,P0040,S008,E0038,3,1341.94,20,18,3800.37,UPI,Delivered
ORD2400568,2024-12-18,C00284,P0011,S020,E0033,5,7211.04,10,18,38290.62,UPI,Cancelled
ORD2400569,2025-06-10,C00366,P0070,S006,E0042,5,5285.76,20,18,24948.79,UPI,Delivered
ORD2400570,2025-05-25,C00326,P0010,S019,E0007,3,2573.86,15,18,7744.74,Debit Card,Delivered
ORD2400571,2024-10-01,C00222,P0015,S022,E0044,1,1787.12,10,18,1897.92,Cash,Delivered
ORD2400572,2025-02-02,C00275,P0076,S023,E0028,5,6935.08,5,18,38871.12,Credit Card,Returned
ORD2400573,2024-10-14,C00238,P0064,S020,E0006,5,3627.94,10,18,19264.36,Debit Card,Returned
ORD2400574,2025-06-20,C00370,P0090,S004,E0004,2,4604.5,0,18,10866.62,UPI,Delivered
ORD2400575,2025-02-17,C00112,P0042,S009,E0037,3,599.24,10,18,1909.18,Net Banking,Returned
ORD2400576,2024-08-16,C00494,P0002,S025,E0014,4,4232.61,20,18,15982.34,Net Banking,Delivered
ORD2400577,2025-02-01,C00195,P0084,S023,E0013,5,1548.58,0,18,9136.62,Cash,Delivered
ORD2400578,2025-04-10,C00268,P0002,S023,E0015,2,4232.61,20,18,7991.17,Cash,Delivered
ORD2400579,2025-03-29,C00419,P0009,S001,E0046,4,3564.29,15,18,14299.93,Debit Card,Cancelled
ORD2400580,2024-12-07,C00378,P0094,S017,E0043,5,2549.11,15,18,12783.79,Credit Card,Delivered
ORD2400581,2025-03-06,C00289,P0069,S023,E0018,1,277.13,20,18,261.61,Credit Card,Delivered
ORD2400582,2025-02-11,C00056,P0054,S013,E0027,5,4941.23,20,18,23322.61,Cash,Delivered
ORD2400583,2025-01-03,C00454,P0092,S007,E0020,2,1347.74,0,18,3180.67,UPI,Delivered
ORD2400584,2024-08-26,C00070,P0047,S018,E0046,4,1656.18,20,18,6253.74,Debit Card,Delivered
ORD2400585,2024-12-04,C00494,P0048,S015,E0047,1,4284.72,0,18,5055.97,Debit Card,Delivered
ORD2400586,2024-08-30,C00057,P0043,S014,E0007,1,2003.39,10,18,2127.6,Credit Card,Cancelled
ORD2400587,2024-08-22,C00349,P0036,S013,E0044,3,313.24,10,18,997.98,UPI,Returned
ORD2400588,2025-04-01,C00299,P0045,S025,E0007,4,1728.63,20,18,6527.31,Net Banking,Delivered
ORD2400589,2024-11-01,C00327,P0089,S018,E0039,5,3915.24,20,18,18479.93,Debit Card,Delivered
ORD2400590,2025-04-27,C00175,P0071,S022,E0027,4,4100.21,5,18,18385.34,Net Banking,Delivered
ORD2400591,2025-06-27,C00409,P0015,S014,E0031,2,1787.12,15,18,3584.96,Debit Card,Returned
ORD2400592,2025-07-07,C00451,P0013,S022,E0011,2,1947.53,20,18,3676.94,Net Banking,Delivered
ORD2400593,2024-09-23,C00245,P0043,S022,E0019,1,2003.39,10,18,2127.6,Debit Card,Delivered
ORD2400594,2025-03-11,C00160,P0016,S019,E0041,4,499.38,0,18,2357.07,Net Banking,Delivered
ORD2400595,2024-12-25,C00488,P0097,S007,E0025,3,4988.12,0,18,17657.94,Credit Card,Returned
ORD2400596,2025-06-20,C00040,P0047,S025,E0042,4,1656.18,20,18,6253.74,UPI,Cancelled
ORD2400597,2025-01-26,C00487,P0088,S019,E0027,4,7276.0,15,18,29191.31,UPI,Delivered
ORD2400598,2024-09-25,C00129,P0057,S023,E0041,2,599.08,10,18,1272.45,Cash,Delivered
ORD2400599,2024-07-25,C00078,P0093,S020,E0017,5,2886.85,15,18,14477.55,Credit Card,Delivered
ORD2400600,2025-01-28,C00281,P0023,S016,E0048,3,6164.36,20,18,17457.47,UPI,Cancelled
ORD2400601,2024-08-16,C00058,P0042,S010,E0045,4,599.24,0,18,2828.41,Credit Card,Returned
ORD2400602,2024-10-25,C00223,P0039,S011,E0013,1,2811.5,5,18,3151.69,Debit Card,Returned
ORD2400603,2024-08-24,C00074,P0057,S011,E0037,4,599.08,0,18,2827.66,Cash,Returned
ORD2400604,2025-01-14,C00327,P0042,S010,E0038,2,599.24,10,18,1272.79,Net Banking,Delivered
ORD2400605,2025-03-26,C00026,P0034,S022,E0037,3,2475.87,10,18,7888.12,Debit Card,Delivered
ORD2400606,2024-10-26,C00395,P0008,S024,E0003,5,2375.27,15,18,11911.98,Debit Card,Returned
ORD2400607,2024-11-04,C00025,P0097,S012,E0030,5,4988.12,20,18,23543.93,Debit Card,Delivered
ORD2400608,2024-12-11,C00228,P0095,S007,E0016,4,2631.3,15,18,10556.78,UPI,Returned
ORD2400609,2025-02-07,C00260,P0090,S013,E0045,5,4604.5,10,18,24449.9,UPI,Delivered
ORD2400610,2024-10-03,C00002,P0061,S002,E0037,4,4483.03,10,18,19043.91,Credit Card,Delivered
ORD2400611,2024-09-11,C00293,P0098,S001,E0032,5,5777.0,20,18,27267.44,UPI,Delivered
ORD2400612,2024-09-20,C00047,P0017,S024,E0015,5,5714.04,15,18,28655.91,Net Banking,Returned
ORD2400613,2024-12-07,C00116,P0085,S004,E0032,4,3327.38,5,18,14919.97,Net Banking,Delivered
ORD2400614,2025-04-06,C00320,P0043,S022,E0021,3,2003.39,5,18,6737.4,Net Banking,Returned
ORD2400615,2024-10-08,C00495,P0031,S006,E0044,5,1548.65,10,18,8223.33,UPI,Delivered
ORD2400616,2024-10-02,C00411,P0044,S023,E0015,2,562.21,10,18,1194.13,Debit Card,Delivered
ORD2400617,2025-03-24,C00259,P0073,S003,E0011,1,5922.01,15,18,5939.78,Credit Card,Delivered
ORD2400618,2024-12-26,C00455,P0047,S006,E0035,4,1656.18,0,18,7817.17,Debit Card,Delivered
ORD2400619,2024-08-15,C00039,P0050,S013,E0034,4,4470.38,20,18,16880.15,Cash,Returned
ORD2400620,2024-11-10,C00115,P0064,S006,E0011,1,3627.94,0,18,4280.97,Debit Card,Delivered
ORD2400621,2024-11-22,C00409,P0037,S006,E0010,4,6357.7,5,18,28507.93,Cash,Delivered
ORD2400622,2025-05-09,C00180,P0082,S002,E0028,5,4422.51,5,18,24788.17,Net Banking,Delivered
ORD2400623,2025-02-06,C00334,P0061,S022,E0018,4,4483.03,20,18,16927.92,UPI,Delivered
ORD2400624,2025-02-17,C00470,P0056,S006,E0019,2,1142.81,20,18,2157.63,Cash,Delivered
ORD2400625,2025-04-10,C00176,P0069,S002,E0021,1,277.13,20,18,261.61,Net Banking,Delivered
ORD2400626,2025-04-14,C00453,P0079,S011,E0026,4,579.03,20,18,2186.42,Net Banking,Delivered
ORD2400627,2025-01-01,C00491,P0031,S024,E0048,1,1548.65,15,18,1553.3,Cash,Delivered
ORD2400628,2024-12-03,C00486,P0091,S004,E0041,5,5667.46,0,18,33438.01,UPI,Delivered
ORD2400629,2025-06-02,C00153,P0006,S009,E0005,5,2138.35,20,18,10093.01,Cash,Returned
ORD2400630,2024-07-25,C00497,P0091,S018,E0028,4,5667.46,5,18,25412.89,Credit Card,Delivered
ORD2400631,2025-02-07,C00039,P0073,S016,E0046,1,5922.01,5,18,6638.57,Net Banking,Returned
ORD2400632,2025-06-07,C00498,P0066,S017,E0012,3,1237.06,15,18,3722.31,Cash,Delivered
ORD2400633,2024-09-26,C00218,P0064,S020,E0035,2,3627.94,10,18,7705.74,Debit Card,Returned
ORD2400634,2025-06-26,C00427,P0062,S004,E0026,2,2690.43,20,18,5079.53,Debit Card,Returned
ORD2400635,2025-04-28,C00094,P0075,S015,E0042,5,1918.92,0,18,11321.63,Net Banking,Delivered
ORD2400636,2025-01-18,C00177,P0047,S023,E0022,3,1656.18,20,18,4690.3,Cash,Delivered
ORD2400637,2025-01-05,C00440,P0039,S021,E0030,2,2811.5,5,18,6303.38,Credit Card,Returned
ORD2400638,2024-12-22,C00368,P0090,S001,E0017,1,4604.5,10,18,4889.98,Cash,Delivered
ORD2400639,2025-03-31,C00141,P0043,S009,E0039,3,2003.39,0,18,7092.0,Credit Card,Delivered
ORD2400640,2025-04-08,C00405,P0046,S007,E0043,4,1738.3,0,18,8204.78,Cash,Delivered
ORD2400641,2025-01-22,C00237,P0034,S001,E0001,3,2475.87,20,18,7011.66,Credit Card,Delivered
ORD2400642,2025-05-27,C00227,P0005,S022,E0030,1,4418.39,5,18,4953.02,Credit Card,Delivered
ORD2400643,2025-02-16,C00481,P0023,S007,E0042,5,6164.36,10,18,32732.75,Cash,Returned
ORD2400644,2025-04-25,C00282,P0053,S012,E0034,1,4620.08,0,18,5451.69,Net Banking,Delivered
ORD2400645,2024-12-15,C00232,P0087,S014,E0019,1,1890.57,15,18,1896.24,UPI,Delivered
ORD2400646,2024-11-03,C00203,P0059,S010,E0032,2,478.61,10,18,1016.57,Net Banking,Delivered
ORD2400647,2024-07-30,C00372,P0045,S020,E0022,1,1728.63,20,18,1631.83,Net Banking,Delivered
ORD2400648,2024-08-04,C00245,P0057,S002,E0020,3,599.08,15,18,1802.63,Cash,Delivered
ORD2400649,2025-06-21,C00132,P0027,S019,E0041,5,4773.9,10,18,25349.41,UPI,Delivered
ORD2400650,2025-02-13,C00214,P0021,S010,E0035,3,6635.3,10,18,21140.07,Credit Card,Returned
ORD2400651,2024-09-28,C00367,P0094,S018,E0049,4,2549.11,0,18,12031.8,Debit Card,Delivered
ORD2400652,2025-01-24,C00171,P0001,S015,E0027,4,5335.48,5,18,23924.29,Credit Card,Delivered
ORD2400653,2025-02-08,C00422,P0026,S005,E0009,5,4853.36,20,18,22907.86,Credit Card,Cancelled
ORD2400654,2024-11-01,C00124,P0078,S014,E0043,4,6311.27,15,18,25320.82,Net Banking,Delivered
ORD2400655,2025-04-26,C00065,P0021,S007,E0047,5,6635.3,20,18,31318.62,UPI,Cancelled
ORD2400656,2025-03-24,C00079,P0066,S012,E0035,2,1237.06,10,18,2627.52,Debit Card,Delivered
ORD2400657,2024-10-01,C00151,P0064,S023,E0004,1,3627.94,10,18,3852.87,Cash,Delivered
ORD2400658,2024-11-29,C00053,P0037,S001,E0050,1,6357.7,15,18,6376.77,Credit Card,Returned
ORD2400659,2024-08-19,C00140,P0058,S014,E0049,3,154.61,20,18,437.86,UPI,Cancelled
ORD2400660,2024-09-03,C00405,P0032,S024,E0006,5,7075.86,0,18,41747.57,Cash,Returned
ORD2400661,2024-08-07,C00076,P0023,S001,E0044,4,6164.36,20,18,23276.62,Cash,Delivered
ORD2400662,2024-10-22,C00457,P0005,S001,E0048,1,4418.39,0,18,5213.7,Credit Card,Delivered
ORD2400663,2024-10-05,C00203,P0087,S001,E0032,4,1890.57,5,18,8477.32,Net Banking,Cancelled
ORD2400664,2025-03-15,C00332,P0031,S004,E0025,4,1548.65,20,18,5847.7,Cash,Returned
ORD2400665,2025-05-30,C00159,P0029,S002,E0005,1,7381.9,0,18,8710.64,Net Banking,Delivered
ORD2400666,2025-03-19,C00124,P0016,S012,E0026,5,499.38,0,18,2946.34,Net Banking,Delivered
ORD2400667,2025-06-03,C00012,P0025,S017,E0001,3,4496.67,10,18,14326.39,UPI,Delivered
ORD2400668,2025-07-02,C00055,P0013,S008,E0001,2,1947.53,20,18,3676.94,Net Banking,Cancelled
ORD2400669,2025-06-29,C00484,P0055,S015,E0010,1,3016.14,5,18,3381.09,UPI,Delivered
ORD2400670,2025-02-21,C00115,P0095,S017,E0025,1,2631.3,10,18,2794.44,Debit Card,Delivered
ORD2400671,2024-12-24,C00346,P0055,S016,E0042,1,3016.14,0,18,3559.05,UPI,Cancelled
ORD2400672,2024-08-03,C00493,P0015,S014,E0033,5,1787.12,20,18,8435.21,UPI,Delivered
ORD2400673,2025-03-03,C00051,P0064,S010,E0036,1,3627.94,0,18,4280.97,Cash,Delivered
ORD2400674,2025-03-03,C00388,P0032,S018,E0039,3,7075.86,15,18,21291.26,Cash,Returned
ORD2400675,2024-10-09,C00419,P0062,S002,E0024,3,2690.43,0,18,9524.12,Debit Card,Returned
ORD2400676,2025-07-11,C00322,P0073,S002,E0003,3,5922.01,10,18,18867.52,Net Banking,Delivered
ORD2400677,2024-12-26,C00374,P0053,S015,E0026,2,4620.08,0,18,10903.39,Debit Card,Delivered
ORD2400678,2025-04-03,C00361,P0093,S005,E0014,4,2886.85,5,18,12944.64,UPI,Delivered
ORD2400679,2025-01-04,C00309,P0023,S011,E0033,2,6164.36,5,18,13820.5,Debit Card,Delivered
ORD2400680,2025-05-17,C00239,P0048,S021,E0004,4,4284.72,0,18,20223.88,Debit Card,Returned
ORD2400681,2024-10-12,C00206,P0069,S015,E0038,1,277.13,0,18,327.01,Net Banking,Delivered
ORD2400682,2024-11-27,C00421,P0011,S022,E0047,5,7211.04,0,18,42545.14,UPI,Delivered
ORD2400683,2025-03-27,C00342,P0088,S010,E0035,2,7276.0,0,18,17171.36,UPI,Delivered
ORD2400684,2025-03-29,C00249,P0059,S017,E0006,5,478.61,20,18,2259.04,Credit Card,Delivered
ORD2400685,2024-12-02,C00407,P0047,S002,E0031,5,1656.18,20,18,7817.17,Cash,Delivered
ORD2400686,2025-04-04,C00427,P0071,S019,E0012,4,4100.21,10,18,17417.69,UPI,Cancelled
ORD2400687,2024-08-21,C00487,P0083,S005,E0032,3,6571.75,15,18,19774.4,Debit Card,Delivered
ORD2400688,2024-12-21,C00116,P0024,S007,E0045,5,1210.16,20,18,5711.96,Net Banking,Delivered
ORD2400689,2024-09-26,C00432,P0079,S001,E0044,2,579.03,10,18,1229.86,Net Banking,Delivered
ORD2400690,2025-07-06,C00258,P0051,S008,E0032,2,6973.04,5,18,15633.56,UPI,Returned
ORD2400691,2024-07-17,C00219,P0048,S008,E0047,3,4284.72,5,18,14409.51,Debit Card,Delivered
ORD2400692,2024-11-09,C00312,P0071,S022,E0007,3,4100.21,0,18,14514.74,Net Banking,Delivered
ORD2400693,2025-03-15,C00166,P0018,S008,E0032,2,1395.52,5,18,3128.76,Net Banking,Cancelled
ORD2400694,2025-01-19,C00293,P0059,S015,E0027,4,478.61,10,18,2033.14,Credit Card,Cancelled
ORD2400695,2025-02-10,C00323,P0018,S019,E0028,3,1395.52,10,18,4446.13,Cash,Delivered
ORD2400696,2024-11-13,C00460,P0023,S002,E0028,4,6164.36,15,18,24731.41,Net Banking,Delivered
ORD2400697,2024-09-14,C00113,P0036,S001,E0002,4,313.24,0,18,1478.49,Credit Card,Returned
ORD2400698,2025-05-11,C00427,P0042,S020,E0029,3,599.24,20,18,1697.05,UPI,Returned
ORD2400699,2024-10-25,C00241,P0005,S014,E0026,1,4418.39,5,18,4953.02,UPI,Cancelled
ORD2400700,2025-01-05,C00181,P0010,S011,E0035,1,2573.86,5,18,2885.3,Debit Card,Cancelled
ORD2400701,2025-02-02,C00461,P0034,S004,E0023,5,2475.87,10,18,13146.87,Net Banking,Delivered
ORD2400702,2024-12-30,C00315,P0070,S010,E0045,4,5285.76,15,18,21206.47,Debit Card,Returned
ORD2400703,2025-05-12,C00345,P0039,S003,E0036,4,2811.5,15,18,11279.74,Cash,Delivered
ORD2400704,2024-10-28,C00077,P0095,S016,E0020,5,2631.3,15,18,13195.97,Net Banking,Delivered
ORD2400705,2025-05-10,C00311,P0085,S019,E0024,5,3327.38,5,18,18649.96,Cash,Returned
ORD2400706,2025-06-05,C00375,P0034,S011,E0028,3,2475.87,20,18,7011.66,UPI,Delivered
ORD2400707,2025-05-04,C00353,P0038,S019,E0021,2,1265.25,5,18,2836.69,Credit Card,Cancelled
ORD2400708,2024-11-15,C00376,P0018,S007,E0005,1,1395.52,15,18,1399.71,Credit Card,Delivered
ORD2400709,2024-12-08,C00474,P0055,S014,E0006,3,3016.14,0,18,10677.14,Net Banking,Delivered
ORD2400710,2024-12-21,C00137,P0077,S012,E0013,2,3792.37,20,18,7159.99,UPI,Delivered
ORD2400711,2025-05-31,C00297,P0018,S009,E0021,3,1395.52,15,18,4199.12,Cash,Returned
ORD2400712,2024-12-14,C00374,P0078,S011,E0016,1,6311.27,10,18,6702.57,Credit Card,Delivered
ORD2400713,2025-01-25,C00233,P0017,S012,E0008,2,5714.04,20,18,10788.11,Net Banking,Delivered
ORD2400714,2025-07-03,C00260,P0035,S021,E0028,1,3529.57,15,18,3540.16,Cash,Delivered
ORD2400715,2024-11-09,C00328,P0010,S007,E0019,1,2573.86,10,18,2733.44,Debit Card,Delivered
ORD2400716,2024-08-03,C00131,P0066,S022,E0007,4,1237.06,5,18,5546.98,UPI,Delivered
ORD2400717,2025-05-11,C00070,P0018,S011,E0043,5,1395.52,10,18,7410.21,Net Banking,Delivered
ORD2400718,2024-12-23,C00220,P0018,S017,E0031,4,1395.52,20,18,5269.48,Credit Card,Delivered
ORD2400719,2025-05-23,C00309,P0049,S014,E0030,1,4592.92,20,18,4335.72,Net Banking,Returned
ORD2400720,2025-05-23,C00497,P0005,S007,E0039,5,4418.39,10,18,23461.65,Credit Card,Cancelled
ORD2400721,2024-11-21,C00065,P0054,S017,E0050,2,4941.23,20,18,9329.04,Debit Card,Delivered
ORD2400722,2025-01-01,C00057,P0035,S008,E0042,4,3529.57,5,18,15826.59,UPI,Cancelled
ORD2400723,2025-06-13,C00273,P0058,S021,E0007,2,154.61,5,18,346.64,Credit Card,Delivered
ORD2400724,2024-12-19,C00473,P0031,S009,E0045,2,1548.65,20,18,2923.85,UPI,Delivered
ORD2400725,2024-08-22,C00350,P0032,S021,E0045,2,7075.86,15,18,14194.18,UPI,Returned
ORD2400726,2024-09-09,C00429,P0038,S004,E0005,3,1265.25,5,18,4255.04,Credit Card,Returned
ORD2400727,2025-06-17,C00386,P0044,S002,E0013,3,562.21,10,18,1791.2,Cash,Delivered
ORD2400728,2025-01-23,C00008,P0044,S010,E0049,3,562.21,5,18,1890.71,Net Banking,Returned
ORD2400729,2025-04-08,C00086,P0051,S001,E0037,3,6973.04,0,18,24684.56,Debit Card,Delivered
ORD2400730,2024-10-27,C00463,P0002,S019,E0041,3,4232.61,20,18,11986.75,UPI,Returned
ORD2400731,2025-07-02,C00262,P0038,S022,E0019,1,1265.25,15,18,1269.05,Credit Card,Delivered
ORD2400732,2024-10-08,C00386,P0004,S008,E0019,4,6832.12,20,18,25798.09,UPI,Cancelled
ORD2400733,2024-08-04,C00480,P0014,S006,E0016,1,4003.89,5,18,4488.36,Net Banking,Delivered
ORD2400734,2025-05-30,C00438,P0006,S014,E0043,2,2138.35,20,18,4037.2,Net Banking,Cancelled
ORD2400735,2025-01-27,C00352,P0054,S011,E0020,4,4941.23,0,18,23322.61,Net Banking,Delivered
ORD2400736,2025-06-09,C00075,P0004,S009,E0006,1,6832.12,15,18,6852.62,Cash,Delivered
ORD2400737,2024-08-01,C00084,P0022,S010,E0009,2,4580.62,10,18,9729.24,UPI,Cancelled
ORD2400738,2024-08-17,C00082,P0096,S009,E0037,3,6638.09,15,18,19974.01,Debit Card,Returned
ORD2400739,2024-10-19,C00437,P0027,S014,E0026,5,4773.9,10,18,25349.41,Net Banking,Delivered
ORD2400740,2024-11-21,C00162,P0074,S023,E0006,5,1107.9,5,18,6209.78,Credit Card,Delivered
ORD2400741,2025-04-25,C00288,P0082,S016,E0018,4,4422.51,10,18,18786.82,Cash,Delivered
ORD2400742,2024-11-08,C00305,P0041,S022,E0023,2,5943.88,20,18,11222.05,Cash,Cancelled
ORD2400743,2025-02-10,C00206,P0085,S004,E0042,1,3327.38,15,18,3337.36,Net Banking,Returned
ORD2400744,2024-07-31,C00394,P0046,S023,E0045,1,1738.3,5,18,1948.63,Cash,Delivered
ORD2400745,2025-06-06,C00447,P0096,S005,E0047,2,6638.09,15,18,13316.01,Debit Card,Cancelled
ORD2400746,2024-11-05,C00063,P0087,S022,E0002,2,1890.57,0,18,4461.75,Credit Card,Cancelled
ORD2400747,2024-11-21,C00099,P0047,S021,E0001,1,1656.18,0,18,1954.29,UPI,Returned
ORD2400748,2024-10-14,C00281,P0094,S004,E0049,2,2549.11,15,18,5113.51,Cash,Delivered
ORD2400749,2024-09-05,C00020,P0039,S014,E0050,2,2811.5,20,18,5308.11,Debit Card,Delivered
ORD2400750,2025-06-16,C00390,P0063,S008,E0028,3,1162.55,10,18,3703.88,Debit Card,Cancelled
ORD2400751,2025-01-07,C00444,P0035,S009,E0023,4,3529.57,0,18,16659.57,UPI,Delivered
ORD2400752,2024-09-30,C00180,P0054,S011,E0008,3,4941.23,5,18,16617.36,Cash,Delivered
ORD2400753,2025-05-17,C00374,P0005,S018,E0018,2,4418.39,20,18,8341.92,UPI,Delivered
ORD2400754,2025-06-22,C00312,P0051,S019,E0037,4,6973.04,10,18,29621.47,Net Banking,Delivered
ORD2400755,2025-01-29,C00160,P0013,S003,E0038,2,1947.53,0,18,4596.17,UPI,Returned
ORD2400756,2025-05-01,C00117,P0019,S021,E0047,3,802.65,15,18,2415.17,Debit Card,Delivered
ORD2400757,2024-12-03,C00310,P0031,S024,E0019,2,1548.65,20,18,2923.85,Net Banking,Returned
ORD2400758,2024-12-19,C00135,P0055,S018,E0034,5,3016.14,15,18,15125.94,Debit Card,Cancelled
ORD2400759,2025-05-16,C00388,P0001,S014,E0030,2,5335.48,20,18,10073.39,Credit Card,Delivered
ORD2400760,2024-10-24,C00105,P0012,S016,E0036,1,1759.22,5,18,1972.09,Net Banking,Delivered
ORD2400761,2025-06-18,C00147,P0085,S023,E0038,4,3327.38,15,18,13349.45,Debit Card,Delivered
ORD2400762,2025-01-10,C00282,P0026,S017,E0010,2,4853.36,20,18,9163.14,Credit Card,Cancelled
ORD2400763,2025-02-18,C00447,P0057,S006,E0034,4,599.08,10,18,2544.89,Debit Card,Delivered
ORD2400764,2024-11-07,C00025,P0051,S013,E0031,2,6973.04,15,18,13987.92,Cash,Cancelled
ORD2400765,2024-08-10,C00081,P0070,S014,E0038,5,5285.76,0,18,31185.98,Cash,Delivered
ORD2400766,2025-01-08,C00446,P0074,S024,E0045,5,1107.9,5,18,6209.78,Debit Card,Delivered
ORD2400767,2025-01-19,C00069,P0076,S017,E0002,2,6935.08,5,18,15548.45,UPI,Returned
ORD2400768,2025-05-26,C00290,P0090,S003,E0019,2,4604.5,15,18,9236.63,Cash,Delivered
ORD2400769,2025-04-24,C00078,P0058,S009,E0009,2,154.61,15,18,310.15,Cash,Delivered
ORD2400770,2024-12-21,C00473,P0096,S023,E0046,4,6638.09,5,18,29765.2,Debit Card,Delivered
ORD2400771,2024-08-29,C00225,P0022,S014,E0018,3,4580.62,15,18,13783.09,Debit Card,Delivered
ORD2400772,2025-05-31,C00446,P0085,S018,E0009,5,3327.38,15,18,16686.81,Cash,Returned
ORD2400773,2024-11-15,C00463,P0036,S006,E0003,4,313.24,5,18,1404.57,Debit Card,Delivered
ORD2400774,2025-05-01,C00456,P0024,S006,E0003,5,1210.16,5,18,6782.95,Credit Card,Delivered
ORD2400775,2024-08-24,C00381,P0098,S021,E0039,1,5777.0,15,18,5794.33,Net Banking,Delivered
ORD2400776,2024-09-29,C00412,P0037,S017,E0005,1,6357.7,15,18,6376.77,Debit Card,Delivered
ORD2400777,2025-07-10,C00287,P0072,S018,E0036,2,2143.6,5,18,4805.95,Cash,Delivered
ORD2400778,2025-07-03,C00316,P0083,S007,E0046,1,6571.75,0,18,7754.66,Net Banking,Cancelled
ORD2400779,2024-10-06,C00170,P0061,S025,E0033,2,4483.03,10,18,9521.96,Cash,Returned
ORD2400780,2024-08-18,C00042,P0034,S008,E0021,4,2475.87,15,18,9933.19,Cash,Delivered
ORD2400781,2025-05-18,C00422,P0023,S013,E0044,5,6164.36,5,18,34551.24,UPI,Delivered
ORD2400782,2025-05-29,C00219,P0056,S016,E0032,3,1142.81,5,18,3843.27,Debit Card,Delivered
ORD2400783,2025-03-18,C00177,P0052,S017,E0042,4,7507.14,0,18,35433.7,Cash,Cancelled
ORD2400784,2025-07-06,C00163,P0027,S002,E0039,3,4773.9,10,18,15209.65,Debit Card,Delivered
ORD2400785,2024-11-18,C00274,P0006,S016,E0012,4,2138.35,20,18,8074.41,Net Banking,Delivered
ORD2400786,2025-05-27,C00350,P0072,S022,E0032,2,2143.6,20,18,4047.12,UPI,Delivered
ORD2400787,2025-06-30,C00081,P0002,S015,E0040,2,4232.61,10,18,8990.06,Net Banking,Delivered
ORD2400788,2024-11-29,C00156,P0052,S004,E0012,1,7507.14,5,18,8415.5,Net Banking,Returned
ORD2400789,2024-12-10,C00053,P0077,S011,E0010,3,3792.37,10,18,12082.49,Cash,Delivered
ORD2400790,2025-03-15,C00213,P0005,S002,E0028,4,4418.39,20,18,16683.84,Cash,Delivered
ORD2400791,2025-04-02,C00447,P0080,S019,E0020,1,4920.76,10,18,5225.85,Debit Card,Delivered
ORD2400792,2025-01-06,C00032,P0089,S025,E0045,2,3915.24,15,18,7853.97,Credit Card,Delivered
ORD2400793,2024-10-14,C00317,P0032,S016,E0038,1,7075.86,15,18,7097.09,UPI,Delivered
ORD2400794,2024-09-09,C00020,P0045,S015,E0040,4,1728.63,15,18,6935.26,Net Banking,Returned
ORD2400795,2024-07-23,C00470,P0077,S016,E0012,4,3792.37,10,18,16109.99,UPI,Delivered
ORD2400796,2025-04-30,C00392,P0096,S011,E0041,2,6638.09,10,18,14099.3,Credit Card,Delivered
ORD2400797,2025-03-23,C00027,P0046,S013,E0022,1,1738.3,0,18,2051.19,Debit Card,Delivered
ORD2400798,2025-07-10,C00317,P0041,S011,E0002,1,5943.88,20,18,5611.02,Credit Card,Cancelled
ORD2400799,2025-07-07,C00079,P0005,S007,E0027,3,4418.39,5,18,14859.05,Credit Card,Delivered
ORD2400800,2025-04-19,C00172,P0048,S005,E0026,1,4284.72,15,18,4297.57,Credit Card,Delivered
ORD2400801,2025-06-29,C00385,P0002,S015,E0020,2,4232.61,15,18,8490.62,Cash,Cancelled
ORD2400802,2024-09-22,C00426,P0040,S002,E0002,3,1341.94,15,18,4037.9,Debit Card,Delivered
ORD2400803,2024-07-15,C00159,P0073,S018,E0003,2,5922.01,15,18,11879.55,Credit Card,Delivered
ORD2400804,2024-12-26,C00131,P0085,S025,E0035,5,3327.38,10,18,17668.39,UPI,Delivered
ORD2400805,2024-09-11,C00449,P0024,S001,E0033,1,1210.16,15,18,1213.79,UPI,Returned
ORD2400806,2025-01-27,C00299,P0004,S023,E0043,1,6832.12,0,18,8061.9,Cash,Returned
ORD2400807,2025-04-11,C00041,P0012,S004,E0025,4,1759.22,10,18,7473.17,Credit Card,Delivered
ORD2400808,2024-11-26,C00179,P0055,S024,E0009,2,3016.14,15,18,6050.38,Debit Card,Delivered
ORD2400809,2024-09-17,C00191,P0090,S014,E0050,2,4604.5,20,18,8693.3,Debit Card,Delivered
ORD2400810,2024-09-09,C00055,P0054,S004,E0016,2,4941.23,20,18,9329.04,UPI,Delivered
ORD2400811,2025-03-23,C00419,P0090,S024,E0044,2,4604.5,0,18,10866.62,Debit Card,Delivered
ORD2400812,2024-09-06,C00239,P0024,S016,E0048,1,1210.16,10,18,1285.19,Debit Card,Delivered
ORD2400813,2024-09-25,C00454,P0046,S002,E0046,4,1738.3,0,18,8204.78,Cash,Returned
ORD2400814,2025-05-14,C00487,P0089,S018,E0028,2,3915.24,20,18,7391.97,Credit Card,Delivered
ORD2400815,2024-10-20,C00256,P0098,S016,E0036,2,5777.0,0,18,13633.72,Net Banking,Delivered
ORD2400816,2025-06-27,C00462,P0020,S005,E0031,2,5416.76,20,18,10226.84,Debit Card,Delivered
ORD2400817,2024-08-25,C00262,P0066,S010,E0010,1,1237.06,5,18,1386.74,Debit Card,Delivered
ORD2400818,2024-10-03,C00042,P0076,S013,E0033,2,6935.08,5,18,15548.45,Net Banking,Delivered
ORD2400819,2024-08-30,C00079,P0069,S017,E0012,3,277.13,0,18,981.04,Credit Card,Delivered
ORD2400820,2025-04-22,C00052,P0017,S003,E0018,5,5714.04,5,18,32027.19,UPI,Delivered
ORD2400821,2024-12-21,C00171,P0027,S003,E0029,4,4773.9,5,18,21406.17,UPI,Delivered
ORD2400822,2024-09-15,C00138,P0032,S021,E0014,3,7075.86,10,18,22543.69,UPI,Delivered
ORD2400823,2025-07-12,C00291,P0017,S009,E0038,4,5714.04,0,18,26970.27,Net Banking,Delivered
ORD2400824,2025-06-18,C00305,P0020,S013,E0045,3,5416.76,15,18,16299.03,Cash,Returned
ORD2400825,2025-06-12,C00112,P0007,S008,E0042,5,3824.14,5,18,21434.3,UPI,Delivered
ORD2400826,2025-02-16,C00088,P0020,S022,E0004,5,5416.76,15,18,27165.05,UPI,Cancelled
ORD2400827,2024-10-22,C00292,P0019,S023,E0022,2,802.65,20,18,1515.4,Debit Card,Cancelled
ORD2400828,2024-12-05,C00492,P0071,S025,E0037,2,4100.21,20,18,7741.2,Cash,Delivered
ORD2400829,2024-09-02,C00052,P0033,S011,E0012,3,3158.52,5,18,10622.1,Net Banking,Delivered
ORD2400830,2024-08-24,C00401,P0080,S006,E0021,4,4920.76,20,18,18580.79,UPI,Delivered
ORD2400831,2025-04-21,C00247,P0069,S013,E0024,2,277.13,10,18,588.62,UPI,Delivered
ORD2400832,2024-10-24,C00485,P0096,S009,E0014,5,6638.09,15,18,33290.02,Debit Card,Delivered
ORD2400833,2024-10-29,C00199,P0040,S004,E0004,4,1341.94,10,18,5700.56,Cash,Delivered
ORD2400834,2024-11-22,C00391,P0082,S024,E0016,1,4422.51,15,18,4435.78,UPI,Delivered
ORD2400835,2025-05-23,C00328,P0004,S022,E0015,5,6832.12,5,18,38294.03,Credit Card,Delivered
ORD2400836,2025-02-03,C00146,P0099,S005,E0034,4,4973.86,5,18,22302.79,Debit Card,Delivered
ORD2400837,2025-06-29,C00063,P0077,S008,E0022,2,3792.37,10,18,8054.99,Cash,Delivered
ORD2400838,2024-08-28,C00476,P0042,S024,E0047,4,599.24,5,18,2686.99,Cash,Returned
ORD2400839,2024-07-16,C00038,P0079,S021,E0039,1,579.03,10,18,614.93,Credit Card,Delivered
ORD2400840,2024-11-16,C00107,P0087,S014,E0018,5,1890.57,15,18,9481.21,Debit Card,Delivered
ORD2400841,2025-06-21,C00055,P0040,S018,E0017,1,1341.94,15,18,1345.97,UPI,Returned
ORD2400842,2024-11-16,C00357,P0026,S011,E0026,2,4853.36,20,18,9163.14,UPI,Delivered
ORD2400843,2025-05-08,C00219,P0047,S024,E0046,5,1656.18,10,18,8794.32,Net Banking,Delivered
ORD2400844,2024-12-31,C00132,P0050,S006,E0029,2,4470.38,0,18,10550.1,Net Banking,Delivered
ORD2400845,2025-01-05,C00372,P0100,S015,E0038,3,707.06,10,18,2252.69,Cash,Returned
ORD2400846,2025-07-05,C00187,P0091,S024,E0011,5,5667.46,10,18,30094.21,UPI,Delivered
ORD2400847,2024-12-15,C00438,P0026,S006,E0025,5,4853.36,5,18,27203.08,Debit Card,Delivered
ORD2400848,2024-12-12,C00231,P0030,S020,E0040,1,1676.3,10,18,1780.23,Debit Card,Cancelled
ORD2400849,2024-11-11,C00045,P0015,S008,E0018,3,1787.12,20,18,5061.12,UPI,Returned
ORD2400850,2025-04-26,C00326,P0070,S013,E0033,3,5285.76,10,18,16840.43,Debit Card,Cancelled
ORD2400851,2024-11-15,C00220,P0098,S013,E0019,5,5777.0,10,18,30675.87,UPI,Delivered
ORD2400852,2025-01-15,C00165,P0061,S018,E0035,3,4483.03,5,18,15076.43,Cash,Delivered
ORD2400853,2024-07-17,C00075,P0007,S016,E0027,2,3824.14,0,18,9024.97,Debit Card,Delivered
ORD2400854,2025-03-15,C00391,P0035,S012,E0007,4,3529.57,5,18,15826.59,Net Banking,Returned
ORD2400855,2025-03-20,C00081,P0028,S005,E0044,5,2757.16,15,18,13827.16,Cash,Cancelled
ORD2400856,2024-12-09,C00221,P0063,S012,E0008,1,1162.55,15,18,1166.04,Cash,Delivered
ORD2400857,2024-10-08,C00411,P0038,S018,E0046,2,1265.25,10,18,2687.39,Debit Card,Delivered
ORD2400858,2025-05-26,C00114,P0091,S014,E0005,2,5667.46,10,18,12037.69,Debit Card,Delivered
ORD2400859,2024-12-10,C00198,P0011,S025,E0040,4,7211.04,10,18,30632.5,Net Banking,Delivered
ORD2400860,2025-03-01,C00001,P0074,S025,E0023,5,1107.9,0,18,6536.61,Net Banking,Delivered
ORD2400861,2025-04-16,C00224,P0006,S019,E0039,5,2138.35,20,18,10093.01,Net Banking,Delivered
ORD2400862,2025-06-24,C00290,P0044,S007,E0038,5,562.21,5,18,3151.19,Credit Card,Returned
ORD2400863,2025-03-27,C00436,P0079,S024,E0038,2,579.03,10,18,1229.86,Cash,Delivered
ORD2400864,2025-05-30,C00286,P0009,S003,E0021,3,3564.29,15,18,10724.95,Debit Card,Cancelled
ORD2400865,2024-08-18,C00426,P0059,S002,E0036,4,478.61,0,18,2259.04,UPI,Delivered
ORD2400866,2025-01-09,C00333,P0009,S013,E0002,2,3564.29,20,18,6729.38,Credit Card,Cancelled
ORD2400867,2025-02-16,C00316,P0076,S024,E0006,2,6935.08,20,18,13093.43,Cash,Delivered
ORD2400868,2024-10-12,C00157,P0047,S004,E0008,1,1656.18,5,18,1856.58,Credit Card,Returned
ORD2400869,2024-08-10,C00075,P0087,S022,E0009,2,1890.57,15,18,3792.48,Net Banking,Delivered
ORD2400870,2024-09-16,C00300,P0065,S005,E0035,3,590.41,20,18,1672.04,UPI,Cancelled
ORD2400871,2024-09-03,C00230,P0069,S020,E0049,3,277.13,5,18,931.99,Net Banking,Cancelled
ORD2400872,2024-09-23,C00295,P0095,S016,E0037,2,2631.3,5,18,5899.37,Cash,Cancelled
ORD2400873,2024-09-01,C00295,P0069,S025,E0013,3,277.13,5,18,931.99,Credit Card,Delivered
ORD2400874,2025-06-22,C00484,P0046,S005,E0009,2,1738.3,15,18,3487.03,Net Banking,Returned
ORD2400875,2025-02-22,C00245,P0034,S008,E0046,3,2475.87,20,18,7011.66,UPI,Delivered
ORD2400876,2025-03-07,C00368,P0055,S023,E0045,2,3016.14,5,18,6762.19,Credit Card,Delivered
ORD2400877,2024-09-03,C00030,P0027,S002,E0012,4,4773.9,20,18,18026.25,Cash,Cancelled
ORD2400878,2024-07-22,C00371,P0092,S013,E0018,1,1347.74,15,18,1351.78,Cash,Returned
ORD2400879,2025-05-26,C00378,P0012,S021,E0013,4,1759.22,5,18,7888.34,UPI,Cancelled
ORD2400880,2025-06-25,C00036,P0031,S015,E0041,4,1548.65,0,18,7309.63,Credit Card,Delivered
ORD2400881,2025-01-15,C00374,P0034,S008,E0044,5,2475.87,20,18,11686.11,Cash,Cancelled
ORD2400882,2025-01-19,C00033,P0009,S006,E0003,1,3564.29,15,18,3574.98,Cash,Returned
ORD2400883,2024-09-17,C00076,P0032,S021,E0036,5,7075.86,5,18,39660.2,UPI,Delivered
ORD2400884,2025-05-06,C00155,P0002,S018,E0045,3,4232.61,10,18,13485.1,Debit Card,Delivered
ORD2400885,2024-08-10,C00258,P0064,S021,E0045,1,3627.94,20,18,3424.78,Net Banking,Returned
ORD2400886,2025-01-01,C00140,P0046,S010,E0004,4,1738.3,10,18,7384.3,Cash,Returned
ORD2400887,2025-05-24,C00461,P0042,S013,E0026,2,599.24,10,18,1272.79,Net Banking,Delivered
ORD2400888,2024-09-26,C00472,P0061,S010,E0032,3,4483.03,15,18,13489.44,Credit Card,Cancelled
ORD2400889,2025-03-30,C00168,P0054,S003,E0031,3,4941.23,0,18,17491.95,Debit Card,Delivered
ORD2400890,2024-08-09,C00036,P0023,S013,E0008,5,6164.36,10,18,32732.75,Cash,Delivered
ORD2400891,2024-10-21,C00240,P0044,S010,E0017,5,562.21,0,18,3317.04,Net Banking,Returned
ORD2400892,2025-04-09,C00144,P0035,S009,E0010,4,3529.57,5,18,15826.59,Credit Card,Cancelled
ORD2400893,2024-09-08,C00491,P0010,S019,E0021,1,2573.86,20,18,2429.72,Credit Card,Delivered
ORD2400894,2025-05-17,C00268,P0013,S004,E0019,3,1947.53,0,18,6894.26,UPI,Returned
ORD2400895,2024-08-21,C00062,P0088,S021,E0038,5,7276.0,20,18,34342.72,UPI,Delivered
ORD2400896,2024-10-24,C00464,P0086,S004,E0003,1,6044.53,5,18,6775.92,Credit Card,Cancelled
ORD2400897,2025-05-31,C00404,P0098,S018,E0030,4,5777.0,0,18,27267.44,UPI,Delivered
ORD2400898,2024-11-27,C00428,P0070,S021,E0034,4,5285.76,20,18,19959.03,UPI,Delivered
ORD2400899,2025-03-08,C00183,P0027,S021,E0047,3,4773.9,15,18,14364.67,Net Banking,Cancelled
ORD2400900,2025-01-14,C00168,P0013,S015,E0012,1,1947.53,15,18,1953.37,Cash,Delivered
ORD2400901,2025-03-05,C00234,P0030,S012,E0010,4,1676.3,0,18,7912.14,Debit Card,Delivered
ORD2400902,2024-09-19,C00346,P0027,S007,E0016,3,4773.9,10,18,15209.65,Net Banking,Delivered
ORD2400903,2025-06-21,C00429,P0066,S013,E0003,1,1237.06,5,18,1386.74,Debit Card,Delivered
ORD2400904,2025-05-28,C00056,P0088,S017,E0003,5,7276.0,15,18,36489.14,UPI,Delivered
ORD2400905,2025-01-28,C00204,P0051,S014,E0007,3,6973.04,0,18,24684.56,Cash,Delivered
ORD2400906,2025-04-15,C00427,P0033,S025,E0036,5,3158.52,10,18,16771.74,Credit Card,Delivered
ORD2400907,2024-12-07,C00014,P0100,S011,E0019,5,707.06,5,18,3963.07,Cash,Cancelled
ORD2400908,2024-09-23,C00042,P0082,S025,E0039,4,4422.51,15,18,17743.11,Net Banking,Delivered
ORD2400909,2024-12-20,C00482,P0093,S010,E0019,1,2886.85,5,18,3236.16,Net Banking,Returned
ORD2400910,2024-07-21,C00367,P0081,S018,E0041,5,1125.19,20,18,5310.9,Credit Card,Delivered
ORD2400911,2025-06-01,C00053,P0007,S007,E0039,2,3824.14,15,18,7671.22,Cash,Delivered
ORD2400912,2025-07-01,C00366,P0063,S024,E0034,1,1162.55,0,18,1371.81,Debit Card,Delivered
ORD2400913,2025-07-11,C00292,P0037,S006,E0049,3,6357.7,15,18,19130.32,Net Banking,Returned
ORD2400914,2025-01-30,C00496,P0058,S008,E0012,1,154.61,5,18,173.32,Credit Card,Delivered
ORD2400915,2025-04-16,C00081,P0083,S010,E0050,2,6571.75,5,18,14733.86,Net Banking,Cancelled
ORD2400916,2025-01-09,C00315,P0085,S014,E0039,4,3327.38,0,18,15705.23,Net Banking,Delivered
ORD2400917,2025-03-22,C00282,P0094,S003,E0004,2,2549.11,10,18,5414.31,Cash,Delivered
ORD2400918,2024-10-26,C00034,P0079,S015,E0010,4,579.03,20,18,2186.42,Debit Card,Delivered
ORD2400919,2024-08-20,C00439,P0012,S010,E0036,5,1759.22,10,18,9341.46,Net Banking,Delivered
ORD2400920,2024-09-14,C00246,P0032,S023,E0023,2,7075.86,0,18,16699.03,Net Banking,Delivered
ORD2400921,2025-06-06,C00448,P0081,S016,E0049,5,1125.19,20,18,5310.9,Net Banking,Cancelled
ORD2400922,2024-07-16,C00236,P0022,S005,E0026,4,4580.62,5,18,20539.5,Cash,Delivered
ORD2400923,2024-11-19,C00499,P0027,S011,E0028,4,4773.9,0,18,22532.81,UPI,Delivered
ORD2400924,2024-09-04,C00120,P0011,S021,E0010,2,7211.04,20,18,13614.44,Net Banking,Delivered
ORD2400925,2024-11-05,C00102,P0029,S006,E0011,4,7381.9,10,18,31358.31,UPI,Returned
ORD2400926,2025-01-08,C00189,P0081,S010,E0006,4,1125.19,20,18,4248.72,Debit Card,Delivered
ORD2400927,2025-06-08,C00068,P0068,S008,E0018,1,1690.06,10,18,1794.84,Net Banking,Delivered
ORD2400928,2025-05-10,C00195,P0042,S018,E0013,1,599.24,15,18,601.04,Cash,Delivered
ORD2400929,2025-06-13,C00444,P0084,S003,E0045,2,1548.58,0,18,3654.65,Net Banking,Delivered
ORD2400930,2024-10-11,C00446,P0067,S015,E0050,5,4244.63,5,18,23791.15,Cash,Delivered
ORD2400931,2024-11-11,C00318,P0071,S017,E0007,3,4100.21,10,18,13063.27,Credit Card,Delivered
ORD2400932,2025-05-23,C00472,P0018,S018,E0008,4,1395.52,5,18,6257.51,Net Banking,Delivered
ORD2400933,2025-03-02,C00425,P0059,S018,E0019,5,478.61,10,18,2541.42,Cash,Delivered
ORD2400934,2025-01-30,C00067,P0093,S009,E0048,3,2886.85,20,18,8175.56,Credit Card,Cancelled
ORD2400935,2024-12-28,C00308,P0081,S020,E0020,5,1125.19,20,18,5310.9,Net Banking,Delivered
ORD2400936,2024-12-17,C00381,P0038,S014,E0014,3,1265.25,5,18,4255.04,Net Banking,Cancelled
ORD2400937,2025-03-24,C00055,P0095,S002,E0008,4,2631.3,5,18,11798.75,Net Banking,Delivered
ORD2400938,2025-04-24,C00409,P0100,S010,E0030,4,707.06,5,18,3170.46,Cash,Cancelled
ORD2400939,2024-10-21,C00139,P0024,S010,E0014,1,1210.16,15,18,1213.79,Cash,Cancelled
ORD2400940,2024-10-11,C00090,P0096,S024,E0004,1,6638.09,15,18,6658.0,Debit Card,Delivered
ORD2400941,2024-08-12,C00395,P0088,S003,E0031,2,7276.0,0,18,17171.36,Credit Card,Delivered
ORD2400942,2025-07-07,C00453,P0037,S020,E0011,5,6357.7,10,18,33759.39,Cash,Delivered
ORD2400943,2024-11-17,C00412,P0083,S006,E0029,5,6571.75,5,18,36834.66,Net Banking,Delivered
ORD2400944,2024-11-03,C00191,P0024,S021,E0043,3,1210.16,5,18,4069.77,Net Banking,Delivered
ORD2400945,2024-12-19,C00109,P0081,S006,E0036,4,1125.19,15,18,4514.26,Cash,Delivered
ORD2400946,2024-07-15,C00309,P0100,S015,E0034,5,707.06,15,18,3545.91,Cash,Delivered
ORD2400947,2024-08-15,C00485,P0100,S017,E0049,2,707.06,5,18,1585.23,UPI,Delivered
ORD2400948,2024-10-22,C00347,P0020,S025,E0026,2,5416.76,20,18,10226.84,UPI,Delivered
ORD2400949,2025-04-27,C00002,P0095,S013,E0045,5,2631.3,0,18,15524.67,Cash,Delivered
ORD2400950,2024-08-08,C00406,P0070,S021,E0033,1,5285.76,20,18,4989.76,UPI,Delivered
ORD2400951,2025-04-07,C00006,P0084,S011,E0043,3,1548.58,10,18,4933.78,Net Banking,Delivered
ORD2400952,2024-07-22,C00295,P0079,S015,E0050,2,579.03,5,18,1298.19,UPI,Delivered
ORD2400953,2024-07-14,C00201,P0011,S005,E0039,1,7211.04,0,18,8509.03,Net Banking,Cancelled
ORD2400954,2025-05-13,C00183,P0007,S004,E0042,1,3824.14,20,18,3609.99,Cash,Returned
ORD2400955,2024-09-24,C00058,P0082,S001,E0039,5,4422.51,5,18,24788.17,Debit Card,Returned
ORD2400956,2024-08-22,C00244,P0053,S010,E0019,4,4620.08,20,18,17445.42,Net Banking,Returned
ORD2400957,2024-08-21,C00291,P0024,S022,E0024,5,1210.16,15,18,6068.95,Net Banking,Cancelled
ORD2400958,2024-12-02,C00428,P0065,S021,E0018,2,590.41,15,18,1184.36,Debit Card,Delivered
ORD2400959,2024-07-16,C00325,P0064,S003,E0013,3,3627.94,10,18,11558.62,Debit Card,Cancelled
ORD2400960,2024-10-25,C00098,P0004,S023,E0032,1,6832.12,15,18,6852.62,Debit Card,Returned
ORD2400961,2024-11-01,C00136,P0018,S001,E0018,2,1395.52,20,18,2634.74,Credit Card,Cancelled
ORD2400962,2025-03-10,C00176,P0038,S003,E0014,2,1265.25,20,18,2388.79,Debit Card,Delivered
ORD2400963,2024-07-26,C00080,P0026,S022,E0023,3,4853.36,15,18,14603.76,Cash,Delivered
ORD2400964,2024-10-05,C00225,P0025,S005,E0016,5,4496.67,0,18,26530.35,Debit Card,Delivered
ORD2400965,2025-04-10,C00005,P0036,S009,E0036,1,313.24,20,18,295.7,Cash,Cancelled
ORD2400966,2025-03-06,C00085,P0093,S009,E0034,5,2886.85,20,18,13625.93,Cash,Delivered
ORD2400967,2025-07-10,C00434,P0085,S022,E0044,5,3327.38,15,18,16686.81,Credit Card,Delivered
ORD2400968,2025-01-26,C00450,P0026,S001,E0040,4,4853.36,5,18,21762.47,UPI,Delivered
ORD2400969,2024-09-06,C00295,P0019,S001,E0037,3,802.65,0,18,2841.38,UPI,Cancelled
ORD2400970,2024-12-10,C00310,P0024,S006,E0013,2,1210.16,15,18,2427.58,Debit Card,Delivered
ORD2400971,2024-12-07,C00123,P0084,S003,E0039,5,1548.58,0,18,9136.62,Net Banking,Delivered
ORD2400972,2025-02-01,C00455,P0086,S020,E0007,3,6044.53,10,18,19257.87,Cash,Cancelled
ORD2400973,2025-02-14,C00220,P0026,S007,E0032,4,4853.36,5,18,21762.47,Debit Card,Returned
ORD2400974,2025-02-08,C00066,P0079,S020,E0027,2,579.03,15,18,1161.53,UPI,Delivered
ORD2400975,2025-05-03,C00082,P0085,S019,E0020,1,3327.38,10,18,3533.68,Net Banking,Delivered
ORD2400976,2025-06-15,C00474,P0049,S014,E0006,2,4592.92,0,18,10839.29,Debit Card,Delivered
ORD2400977,2025-03-11,C00067,P0027,S002,E0014,5,4773.9,15,18,23941.11,Net Banking,Returned
ORD2400978,2025-03-29,C00053,P0053,S023,E0010,1,4620.08,20,18,4361.36,Cash,Delivered
ORD2400979,2024-09-04,C00180,P0019,S003,E0036,1,802.65,0,18,947.13,Credit Card,Delivered
ORD2400980,2024-12-16,C00430,P0036,S004,E0033,2,313.24,20,18,591.4,Net Banking,Returned
ORD2400981,2025-05-17,C00273,P0098,S011,E0037,1,5777.0,15,18,5794.33,Credit Card,Returned
ORD2400982,2025-01-21,C00487,P0058,S010,E0005,5,154.61,10,18,820.98,Credit Card,Delivered
ORD2400983,2025-04-11,C00218,P0034,S004,E0045,2,2475.87,10,18,5258.75,Cash,Returned
ORD2400984,2024-08-31,C00443,P0039,S009,E0011,4,2811.5,10,18,11943.25,Cash,Delivered
ORD2400985,2025-03-28,C00152,P0043,S001,E0008,2,2003.39,0,18,4728.0,Debit Card,Delivered
ORD2400986,2025-05-17,C00147,P0039,S005,E0005,1,2811.5,15,18,2819.93,Cash,Delivered
ORD2400987,2025-04-03,C00462,P0062,S006,E0030,4,2690.43,5,18,12063.89,Cash,Returned
ORD2400988,2024-12-15,C00133,P0038,S024,E0024,2,1265.25,0,18,2985.99,UPI,Delivered
ORD2400989,2025-01-27,C00077,P0085,S003,E0005,4,3327.38,10,18,14134.71,UPI,Returned
ORD2400990,2024-12-29,C00073,P0032,S007,E0019,3,7075.86,5,18,23796.12,Net Banking,Delivered
ORD2400991,2024-09-01,C00209,P0075,S004,E0016,2,1918.92,20,18,3622.92,UPI,Delivered
ORD2400992,2024-12-07,C00292,P0040,S015,E0034,5,1341.94,0,18,7917.45,Credit Card,Delivered
ORD2400993,2025-02-24,C00038,P0020,S021,E0017,4,5416.76,15,18,21732.04,UPI,Delivered
ORD2400994,2024-08-04,C00294,P0048,S011,E0037,3,4284.72,10,18,13651.12,Credit Card,Delivered
ORD2400995,2025-02-06,C00264,P0062,S021,E0024,1,2690.43,10,18,2857.24,Net Banking,Cancelled
ORD2400996,2025-05-30,C00052,P0068,S014,E0022,1,1690.06,15,18,1695.13,Net Banking,Delivered
ORD2400997,2025-06-15,C00271,P0011,S022,E0026,2,7211.04,10,18,15316.25,Cash,Delivered
ORD2400998,2025-05-03,C00380,P0064,S017,E0024,1,3627.94,10,18,3852.87,Cash,Delivered
ORD2400999,2025-05-15,C00036,P0092,S008,E0007,3,1347.74,0,18,4771.0,Cash,Delivered
ORD2401000,2024-09-09,C00100,P0058,S005,E0013,3,154.61,5,18,519.95,Net Banking,Delivered
